average_spend,login_frequency,product_reviews,customer_tier
593.0831723286756,19,43,1
1428.5357442943784,25,22,3
1111.3912156265374,5,40,2
918.054802085703,8,10,1
276.2270286415329,7,41,1
276.1920544874938,14,32,1
134.22123764388922,24,49,0
1305.955411373656,23,35,3
921.6167670276527,3,36,2
1076.705237804266,18,40,2
79.84751672891355,16,16,0
1456.3692856348919,23,34,3
1257.0418291606115,19,47,3
357.89171048350045,19,4,1
313.6462024502959,18,47,1
315.93653928747904,20,31,1
491.1512522913297,16,2,1
810.8968258667448,8,46,2
676.3202770310678,28,34,2
472.28225328716076,1,13,1
937.1866973474503,17,47,2
252.26609794546067,12,30,1
473.6097403760663,21,30,1
581.2246727758529,11,16,1
711.3014771147022,5,23,2
1188.5051440198697,27,22,2
339.5269841296216,12,17,1
795.6399356997368,17,49,2
909.0011248499616,6,13,2
117.3530984439967,1,49,0
930.9400352570856,5,14,2
297.2599793465727,25,14,1
144.3248098286553,28,5,0
1425.8840290173332,14,26,3
1450.1664479581111,5,14,3
1222.1761547688686,22,49,3
491.6899653013875,24,35,1
191.6245653092566,27,7,0
1042.1378884426276,1,14,2
688.2211159224219,18,2,0
226.9554405249293,16,46,1
768.0065196613417,9,12,2
99.86335561706667,19,40,0
1368.514583014234,22,33,3
425.23097332002453,5,23,1
1010.6573123132739,27,39,2
501.98106032964586,2,31,1
804.0986307078257,15,31,2
842.7299050477554,7,29,2
318.0389605120142,4,48,1
1455.89771025861,1,12,3
1173.942593873616,13,0,1
1412.2734652680742,20,33,3
1347.4996581200908,22,14,3
916.9549692760735,7,43,2
1386.7176407835193,15,13,3
178.31412797528327,23,28,0
334.1751505077605,14,33,1
115.5795689202802,23,17,0
521.7289796067332,19,6,1
613.582070049749,22,28,2
443.4560960721491,29,30,1
1251.6693882702975,24,24,3
567.2923237057045,20,37,1
457.35503904670213,29,13,1
836.9093205794603,24,7,0
254.34012621340582,18,26,1
1213.1856220933576,10,1,3
158.0984333356677,9,16,1
1480.98605807075,25,36,3
1169.7549154801532,8,13,2
338.13773822455,26,24,1
58.00706982922348,29,29,0
1232.4190712595096,10,28,3
1074.9431485790449,17,19,2
1107.0603936594316,2,20,2
1168.3420026946212,6,21,2
157.36474501443104,26,34,0
569.7753063891953,5,36,1
218.0101363114381,28,15,1
1301.4999675196107,9,49,3
953.782283899959,5,48,2
529.8021360363414,18,42,1
142.15960791473427,26,16,0
500.9243664877102,20,15,1
521.5158169387832,9,1,1
1107.928958590193,17,3,0
974.458333465059,27,20,2
1336.4584767356735,17,38,3
734.7116414848265,12,33,2
223.41165661053748,7,29,1
1084.2049414733428,27,5,0
1153.1383204945014,3,16,2
863.8519364757695,10,38,2
1167.9024109341135,2,24,2
766.0036147283665,25,4,0
807.9626026038914,3,4,0
669.9344766198969,16,19,2
86.85773377893803,2,15,0
206.44256914029145,28,40,1
95.57231924576467,24,36,0
972.7950963324815,10,39,2
505.8161725606737,6,8,1
787.4275021888191,22,4,0
1365.971387192835,26,41,3
411.47373226586865,11,1,1
645.0552384016631,23,8,0
1145.5491508874206,7,42,2
381.7573399628526,27,35,1
161.62086925174984,29,21,0
470.13960672496364,15,21,1
283.77086651830643,6,21,1
1398.061595896731,20,33,3
1221.7745503684046,27,28,3
968.435446940114,9,37,2
1313.6178557721908,22,45,3
1215.324511503716,20,32,3
320.52658538475197,12,17,1
1344.2105478104677,19,6,3
832.0462507776936,20,0,0
1220.7882249878908,3,32,3
1349.3323848890652,15,0,3
511.10503870920263,2,23,1
209.5752905651313,21,3,1
380.50598568581546,2,3,1
669.3062935080717,22,17,2
1236.121410587615,3,26,3
1298.059345721698,6,42,3
60.08058927022652,15,31,1
790.5835887374703,27,32,2
655.2459545657296,10,27,2
372.05632518255885,9,41,1
223.80478263384006,1,40,1
539.5419985352605,16,35,1
1417.2190706731528,6,5,3
518.6442514300951,9,15,1
802.2464015278808,27,33,2
1069.377490398008,4,22,2
577.2629234499763,27,49,3
1459.084019945393,28,41,3
1445.5485776660612,2,23,3
415.08432894677804,29,48,3
771.010333543959,4,12,2
486.273549234316,1,17,1
463.01871684732805,19,12,1
103.48607366407256,26,48,3
933.8682842708504,25,36,2
778.8845836818491,10,42,2
124.64418931248456,21,38,0
454.0373731430866,15,41,1
1366.9855346516479,27,16,3
397.36474146711004,22,14,1
260.0975645322735,19,17,1
759.7065024024664,16,22,2
1479.193158460371,21,29,3
400.9801436916756,27,33,1
1024.596543738524,24,3,0
1154.3484422266406,22,2,0
394.57443878897953,4,6,1
1105.9137054871965,2,17,2
583.2855424429172,25,41,1
966.8434543606902,13,6,1
968.6180806032974,28,39,2
826.8732919083998,1,5,0
180.92016657889204,17,21,0
1261.188618604395,13,0,3
515.131094209017,4,3,1
320.4518400797886,7,45,1
109.12395525440768,17,48,0
906.7947676229506,9,49,2
1032.4683246713093,4,42,2
74.05235194539142,19,28,0
792.5349345339574,1,20,2
378.41887403701,10,25,1
985.5005460937023,4,13,2
302.83132205723757,9,8,1
1051.8597202485757,13,46,2
610.7662521357793,14,11,2
1408.258483668265,10,41,3
249.40536901169023,6,5,1
544.5462090228748,16,19,1
214.53660579885414,6,23,1
1390.805746503916,17,26,3
1322.1420624024224,10,37,3
424.0153601869756,18,7,1
1006.9768667495596,27,0,0
1234.972190291763,22,48,3
855.0411768192204,18,48,2
817.9933386162094,3,23,2
400.68582180565494,20,46,1
184.99901331855386,27,6,0
1350.962849032324,21,18,3
1355.6061828868292,25,21,3
967.9971130462385,28,34,2
541.593197020616,15,29,1
556.3538831883583,15,28,1
1102.6357343618472,4,21,2
1350.8098769312369,29,10,3
1336.2753151844202,27,19,3
1180.8195414935547,9,28,2
980.9458869237172,27,40,2
172.00294924282082,26,41,3
284.36163543719,19,33,1
1352.903573364265,24,0,3
929.3221365064054,28,30,2
63.33572484411299,17,29,0
197.13373715574656,11,47,1
1012.0775652066809,25,17,2
57.339296577017095,9,16,1
283.17167455537304,10,37,1
845.6639945815499,18,13,2
1053.2480366544053,20,22,2
995.3438262787707,13,24,2
375.1904987178117,8,14,1
1082.659870953927,7,45,2
394.0111768703601,17,21,1
521.8295623309382,21,2,1
1132.412537421135,23,18,2
991.9677036184613,15,43,2
1281.373945216558,20,33,3
1003.5386938354978,15,34,2
874.0474748364338,1,49,2
185.82841335073408,25,0,0
583.1879144361786,14,20,1
434.5434331385019,5,28,1
403.7849828996712,11,5,1
1460.865304391046,16,36,3
619.9917007668026,2,0,0
1343.4675050068142,8,0,3
965.1510076960312,11,26,2
1202.4763901353901,29,20,3
778.8237850025286,18,15,2
886.5106327082207,3,43,2
764.1506560373526,26,39,2
333.10233230716454,1,25,1
1097.5555671291827,11,15,2
457.1199255392409,16,27,1
85.25815132560807,18,0,0
985.9348290653934,16,35,2
306.810485140221,23,9,1
1413.6649473117257,10,42,3
1433.1964366537518,18,16,3
1376.5533658196503,6,22,3
586.7301153703944,19,6,1
72.41209396685777,4,43,0
1396.061915752202,27,6,3
670.8670150601058,13,43,2
1451.6494876133208,24,14,3
1447.2489667794166,14,33,3
1286.863710427672,3,45,3
476.95089350089927,10,44,1
608.3917064727916,6,3,1
1284.1481736994424,1,13,3
509.5369074766026,23,13,1
295.7644826948341,24,15,1
857.3618305646078,27,6,0
1407.4244225331324,14,31,3
1059.243205178711,8,18,2
876.5886966295792,19,1,0
190.90591596761436,14,9,1
941.7604787137961,10,49,2
1485.5780826511818,17,16,3
253.12182209295983,9,36,1
801.5779959274182,29,11,2
1322.1909542955354,6,5,3
1124.1144957435965,11,21,2
1060.6728244431386,25,31,2
1068.6019217813084,7,40,2
571.262169268645,17,19,1
475.7081741835154,28,0,1
1223.5736754438446,28,46,3
1224.6644222848122,1,5,3
1307.2548619411505,22,18,3
1374.1988012068834,5,17,3
791.4464783483598,9,5,1
777.1986272964394,18,44,2
1207.528009501824,24,32,3
992.4476996277594,27,22,2
1067.85197202367,21,22,2
1203.8993706823464,2,25,3
1340.507745635471,29,12,3
540.0929774347269,26,6,1
594.5952813279188,11,14,1
186.27381276926005,27,43,3
888.5062044444522,28,26,2
102.11629700527602,6,25,1
725.1171262920673,26,32,2
836.8347203259862,8,14,2
465.4848155860124,4,35,1
906.7082278250656,18,44,2
94.22536241162167,28,26,0
104.1548736863609,11,4,1
1242.7708129565044,5,1,3
572.2764300463311,15,32,1
234.23774334523293,28,15,1
807.2527270794664,18,22,2
1166.4906519929857,2,37,2
362.9404898704226,22,15,1
953.1911899375503,11,13,2
173.75382424096358,26,28,0
124.93849569448116,25,25,0
820.4642157738145,13,34,2
833.9209263346545,4,14,2
974.2733571723995,22,2,0
1102.8324338978593,7,22,2
1464.985515220675,29,28,3
798.6355050367332,11,33,2
518.2868857648066,22,32,1
1203.0199824146202,24,40,3
442.7067643300076,4,40,1
686.5085600231723,28,22,2
163.76175294628564,15,6,1
86.75857795241339,1,2,0
1445.8402012829913,23,31,3
1262.1711747426984,3,30,3
1059.162598835862,14,17,2
642.9817694006913,6,42,2
301.27676410272636,18,6,1
276.8337118730748,25,40,1
412.85220233866323,1,0,1
846.3786638238747,6,13,2
1086.1640879150905,6,31,2
1007.2861962407103,21,5,0
455.9041505716171,16,38,1
1434.5546569616315,29,9,3
1119.9505292088643,5,6,0
853.813376141531,17,25,2
936.9950820398108,10,33,2
658.4200905202954,28,29,2
409.2099347766783,21,35,1
566.1603840443292,18,20,1
1148.8768601733352,7,16,2
70.87055851314601,3,32,0
218.30532873502855,13,9,1
116.70383093154149,15,46,1
109.0567633625067,20,41,0
1290.4178468159605,19,11,3
1070.3038961010343,3,15,2
737.5520521766215,4,40,2
191.85953294395213,5,31,0
762.843018919407,1,14,2
736.5340676318202,4,26,2
301.142711369522,12,27,1
679.0848913950609,28,16,2
627.8318648761915,27,45,3
942.9826421757139,24,49,2
970.8857937580835,10,1,1
115.69081416946455,23,35,0
593.1882912083832,25,49,1
957.4968777856427,21,6,0
779.5475749411272,29,12,2
1291.9102697230674,26,14,3
1005.1057658474703,20,24,2
286.2549192680731,24,22,1
152.3246837306233,25,21,0
981.5079533991576,13,25,2
88.44140028535162,23,32,0
899.3745928465218,14,10,1
1413.3338500661885,23,9,3
884.4375579200245,5,24,2
612.8463929994567,4,36,2
982.7679167414121,14,47,2
714.4666912126991,10,42,2
841.1443445081056,17,37,2
1415.1239727259615,10,40,3
609.8488248111227,26,44,3
1443.7263175446756,7,23,3
1362.7584308362925,16,39,3
333.89714544447986,1,45,1
150.5738862689899,17,32,0
196.12810199726866,21,16,0
76.42164719474711,29,23,0
186.94229309609617,9,36,1
1040.3598214537174,6,1,1
153.22354026733203,19,31,0
512.5146639259539,13,23,1
1275.069200905709,3,8,3
83.7443068169475,7,3,1
1230.9792997539569,22,16,3
458.6894234214299,9,16,1
221.33900005140157,22,49,1
1060.2688897780185,5,47,2
961.9671278308318,10,29,2
1322.3344196142268,23,39,3
1115.8530135156343,17,10,0
1215.0473490580305,12,20,3
458.9501302283944,23,20,1
307.28733848059807,16,17,1
1138.3913898792446,3,28,2
1219.9103719375328,25,23,3
1486.2324559009762,22,9,3
648.2956315215683,9,44,2
589.4262243995356,29,16,1
1175.7987930758954,15,17,2
544.1651333668758,5,41,1
1399.5981221251689,23,47,3
1294.6984901723672,13,19,3
672.0413396937766,14,36,2
1138.7630482976713,20,44,2
1144.0871674227894,15,17,2
199.52960981210228,16,16,0
1358.7017146853716,23,8,3
782.6159400493929,13,13,2
1248.3633258562254,17,48,3
514.071921494387,23,28,1
1348.5086813194907,8,30,3
614.3424341645365,21,3,0
65.71459464643263,2,17,0
1362.8038658079322,5,19,3
182.36568133989365,6,46,1
513.0047745061015,12,42,1
1427.589852223667,18,43,3
1428.3803630594564,22,8,3
881.4849377787649,22,12,2
966.1639576462089,1,14,2
700.2460068685637,17,26,2
475.15561896219356,11,14,1
526.5635907863782,10,27,1
1025.1517613117057,19,36,2
1140.943067684636,14,18,2
1197.7896134024804,26,25,2
1194.946307052103,10,25,2
182.24884942060103,15,24,1
766.9094418187432,28,25,2
133.46020202413422,19,25,0
846.8168793694165,4,45,2
690.2192269913967,2,27,2
1337.1710649995346,9,48,3
558.8267682005142,10,17,1
219.7471738200285,28,31,1
257.337938976612,11,2,1
1154.1904159903347,14,1,1
946.4161918085786,7,32,2
196.62788037804586,23,41,0
171.95486886674627,15,18,1
1066.4052406157239,22,16,2
155.5063592280806,19,43,0
1241.6970859710166,22,32,3
1074.0512293769195,15,11,2
167.95573193075467,28,48,3
173.01468542352828,24,2,0
1480.6273888267044,8,42,3
592.6926538463745,11,48,1
587.4311132469918,29,25,1
1228.5593725233787,9,34,3
1423.510437206595,15,7,3
1479.7015425431628,1,35,3
1142.3983686254653,1,6,0
595.5763990198278,19,45,1
171.0760392130697,3,45,0
1176.8630280947834,10,35,2
859.6861621169173,8,15,2
665.1219134081156,15,23,2
1364.2138583873673,10,0,3
211.23634934391944,1,48,1
764.3064012217458,29,24,2
66.46278491275766,18,9,0
729.5579308914831,2,15,2
131.63974973866416,19,15,0
222.2859785887043,13,7,1
220.4130578268021,22,28,1
991.3549380682922,1,38,2
1131.7650749348638,2,27,2
895.8847093908814,29,5,0
1445.1501952880858,16,15,3
593.5623403093709,15,19,1
464.28252510869805,13,15,1
1309.4687358747174,16,6,3
374.21396585320633,17,40,1
1446.6726821888865,21,13,3
67.62398830023369,29,42,3
1456.3242987260767,29,25,3
112.58187232833536,7,25,1
1342.157514862203,24,13,3
815.1666081751348,26,6,0
1489.7989543729855,17,32,3
157.00501886632836,7,25,1
853.0887123819151,13,44,2
1455.4886766476934,5,19,3
808.4918740467158,26,2,0
962.6280252961307,17,3,0
1058.835599027695,3,25,2
709.0845439132712,7,10,1
959.959216121892,26,1,0
897.2557522884954,17,13,2
1356.679115211934,7,43,3
115.8972514951139,21,29,0
457.39662490873394,1,48,1
1428.0966519110102,17,11,3
1340.8824866418286,17,25,3
710.7022915392838,11,43,2
949.1922668122282,25,32,2
452.2027153226424,27,12,1
322.7756815994539,29,13,1
722.3626871629741,3,23,2
562.3607306377766,15,33,1
896.3013621837645,29,43,3
162.715223599228,21,25,0
1462.8724711159414,11,20,3
1480.0055794954242,26,27,3
1062.3344853286303,28,47,3
827.3397311989746,16,35,2
498.8150436151752,25,39,1
1230.0027785750756,22,1,3
1042.8602002031248,28,41,3
285.7945620500924,9,8,1
1370.8444175160716,24,22,3
1242.679002238595,24,14,3
1427.2098742732899,1,12,3
1102.293287163122,29,22,2
939.4520341068953,25,16,2
656.4524026213974,22,47,2
1402.4563008633193,16,1,3
1305.792639775592,9,19,3
115.56707165397464,19,19,0
88.23211302101541,12,45,1
595.8718819731719,19,2,1
1225.3023296336578,22,11,3
1481.5503875066695,9,39,3
268.10449210011586,7,1,1
911.489537260596,14,35,2
602.2917421149812,29,13,2
1456.3758768311745,19,15,3
1271.0724385467777,19,18,3
1265.5766218311499,2,33,3
729.6050817027069,9,43,2
651.4882783896145,13,45,2
446.44025429952404,15,5,1
131.7444701438443,3,12,0
1303.8474455698272,11,35,3
1228.7064632386125,21,21,3
1499.5906262648894,14,17,3
1495.1234137571628,25,11,3
855.3759731238098,8,29,2
1165.0317520117403,18,39,2
1419.9103083295206,19,6,3
1281.9887164822467,16,31,3
408.65474752763663,2,47,1
703.2889961996356,8,18,2
237.28115196966772,22,5,1
1433.3739895251474,6,19,3
928.953219953776,12,26,2
381.53206798002094,15,42,1
1023.9659923884923,25,36,2
946.285948663949,8,47,2
569.3359411476188,4,6,1
214.65850868946208,15,4,1
1023.7811336095594,28,10,0
804.4461663105003,20,14,2
1169.861668016677,25,2,0
804.2370766123904,17,4,0
1285.6631754618832,13,22,3
850.264916223004,18,36,2
863.3600587263101,2,8,0
1321.1477238546004,13,14,3
635.0501560079757,13,2,1
244.32208125342908,22,28,1
91.73488065434151,15,5,1
1144.9490207267474,20,16,2
949.4488494625238,29,25,2
1070.9156637438741,27,20,2
358.79803418792056,10,7,1
247.73863960081616,29,20,1
71.0897652184288,3,10,0
558.3519602695656,19,37,1
905.380645939218,3,7,0
618.7538653946118,22,41,2
684.3386369344072,14,23,2
1361.0301070159353,8,34,3
554.9704271837854,27,13,1
795.2847592817257,23,13,2
1186.2968684746575,4,9,0
624.9870343658417,27,11,2
952.0257153304166,28,37,2
1300.4273776827804,20,43,3
1426.804904303581,11,45,3
263.25654734710497,26,33,1
1393.5520564841668,11,40,3
763.5686249653304,27,9,0
424.4543630334896,11,16,1
715.7468465454789,2,16,2
1471.0472341639418,17,2,3
764.2962362896609,9,30,2
526.6898349168869,28,0,1
968.4312387592523,28,11,2
398.21114722837996,2,38,1
160.0018257575627,29,3,0
236.87559677044138,24,41,1
235.66646648877003,15,12,1
270.2589055928268,16,33,1
251.29940034164468,25,41,1
979.2683799646612,4,20,2
313.72612237876,8,21,1
551.2175608196017,9,3,1
1350.3431943637172,26,17,3
737.2443783811649,26,4,0
1017.9587208554894,5,18,2
299.8638132423633,16,1,1
328.8190772725726,13,11,1
109.25949358639434,7,16,1
294.95584145463863,26,9,1
453.95599159634,20,33,1
306.6652022012829,17,5,1
178.61867394773063,3,7,0
224.92201309587116,5,10,1
718.1292136474524,19,11,2
349.1838916883991,12,8,1
578.1912985197094,29,1,1
779.9550427395425,27,7,0
1051.0725015125797,7,10,1
107.00260276959347,28,35,0
1209.1450784181118,9,9,3
960.4555647618163,28,20,2
168.55059632586426,6,19,1
1316.689004954827,29,47,3
1385.264980771129,26,7,3
138.56304178955244,17,35,0
451.4725898134454,16,28,1
1218.991855699939,23,41,3
1134.9765510563045,3,11,2
317.5554780667471,21,13,1
353.5565188382299,26,47,3
587.1845490475039,4,49,1
752.558328526981,10,20,2
946.4694187189291,5,21,2
584.92477737617,21,20,1
720.6753383930644,22,43,2
1133.832860293947,10,49,2
103.19064419136696,12,29,1
416.0335692988301,10,38,1
1084.3568995326011,29,19,2
1348.049914646439,13,23,3
791.9322910677159,11,22,2
821.5645536347077,22,6,0
205.3994164426753,16,8,1
698.7479318940092,8,0,1
822.2950363597836,8,25,2
401.582230270358,27,37,1
440.4026848766024,25,37,1
597.0620365017029,8,43,1
79.10323677770323,13,21,1
517.0147900956085,27,43,3
356.59961014498975,2,9,1
524.8711606579762,12,5,1
223.65509113791427,10,16,1
1341.2645570728478,12,49,3
910.7090576533706,11,37,2
1034.69836275951,15,23,2
1194.2982959806404,16,9,0
772.741188447133,17,7,0
176.03441772676433,26,20,0
828.8044856368942,2,5,0
900.9196211302748,18,20,2
1130.8872375672786,12,38,2
675.9063420330351,19,23,2
234.99143905356746,26,32,1
461.4750634081505,23,17,1
576.4693297780209,18,27,1
986.5799999308218,17,31,2
877.6285417699222,6,11,2
566.340252551877,25,47,1
1480.4471107498205,15,41,3
928.3734880674864,3,26,2
393.978848017192,6,9,1
197.58458529958543,3,45,0
271.64575181728145,29,41,3
406.6387061575368,1,31,1
282.9879912263557,13,41,1
320.52218487439336,28,25,1
463.3879946060783,21,24,1
301.39171317739454,26,10,1
1350.3098657083165,14,22,3
166.3389312093812,13,33,1
810.5415148768693,27,39,2
645.0753991350092,4,22,2
1474.4489945174794,7,28,3
212.4564081436759,22,30,1
626.8906186163254,10,6,1
1455.7321282492849,7,39,3
1304.9853325462714,21,32,3
1234.754502876456,15,20,3
423.9590992151628,15,1,1
297.78700171559547,4,17,1
1019.5326688904249,23,46,2
1397.5951842349994,23,32,3
857.3061948701982,6,36,2
878.8383997313548,24,33,2
455.9696858074121,20,19,1
1165.7647531283085,26,34,2
321.2134354084089,5,49,1
519.3348927861533,20,17,1
666.8828359938043,12,45,2
786.0350490924598,1,23,2
401.49411200186637,28,7,1
216.51339587184512,8,29,1
935.3990615403673,1,43,2
468.51430219837084,5,9,1
892.7954210627878,22,22,2
273.8259371475933,6,48,1
747.6531476894853,29,10,0
822.2546771997995,21,1,0
125.14412839251902,3,25,0
538.0762033811848,15,35,1
244.90128156151266,5,32,1
141.89370718551322,28,46,3
1485.4423369654205,24,12,3
517.4130752133483,14,39,1
1224.3179464892205,18,24,3
419.2289494074576,16,3,1
1038.1789472246974,6,41,2
1152.3303968400455,25,18,2
913.6761738813742,24,17,2
733.7854733977297,14,36,2
647.1693255135393,27,29,2
555.8589864873431,24,18,1
1397.8172591593475,8,22,3
1254.3981412922074,29,15,3
1449.2890204664432,7,0,3
230.23097405403985,8,11,1
1109.757839045284,13,23,2
1410.593662390505,6,33,3
312.78794594020724,18,7,1
146.41958768182735,2,17,0
1124.6249414705856,8,47,2
882.9860141108722,11,4,1
1270.6517262994944,1,25,3
252.66994610811977,22,29,1
1203.1376021968408,29,12,3
342.35961406922956,6,18,1
287.3011171552715,16,28,1
288.1854069999398,27,2,1
1231.133344335504,20,25,3
1014.5359700094901,12,39,2
808.444865915223,11,11,2
570.3042019790786,29,1,1
1321.940784179007,27,10,3
619.0454057628214,29,43,3
1234.0691872337868,10,27,3
686.7456174268167,3,17,2
596.569422666116,13,12,1
720.8856892209293,27,36,2
486.997917538006,3,21,1
1134.033601255564,15,11,2
778.9445656340947,16,1,0
386.7084079628851,29,36,1
1354.3831312481243,13,6,3
606.6422709911566,17,25,2
838.1516486152834,3,25,2
1364.384560898593,20,23,3
955.1450940752885,11,11,2
219.5021590271279,27,15,1
1412.756579239539,21,22,3
960.1766769535559,19,39,2
535.6131412527749,22,8,1
251.94450536191152,11,31,1
1201.3365244419292,28,14,3
949.1054960963446,16,36,2
823.5185833656662,21,12,2
1346.1442454238886,3,4,3
1193.4659562755696,22,10,0
269.9285756124892,6,9,1
501.99699830354496,14,12,1
410.30925273097535,24,40,1
1128.7221242303815,18,45,2
98.6220303668801,17,49,0
876.340043063409,4,14,2
1155.5650943240012,23,41,2
1321.3101733045366,15,6,3
546.0185356380658,11,39,1
1240.8230917744186,26,27,3
210.41601858505047,3,31,1
1277.3558230150513,3,34,3
234.8585603813745,16,14,1
626.0665713125326,5,47,2
1206.0782803803527,21,35,3
267.380269655722,29,20,1
382.41452308733017,10,5,1
1097.266224169946,19,0,0
1094.052977991808,25,3,0
979.6640676836811,4,10,0
1056.225244477295,29,43,3
836.9504428540145,29,25,2
415.1086354150815,19,36,1
551.2591905806833,11,22,1
313.3166893620672,2,28,1
1367.253313933761,10,20,3
895.9181024108747,29,47,3
631.2345543072778,11,44,2
719.9084152839924,25,44,2
1423.5608424371321,20,48,3
272.3595345183163,16,26,1
900.033256424356,19,38,2
783.5385843824756,23,39,2
936.6086413802393,24,12,2
76.25976654021873,11,22,1
1314.5796679690197,14,15,3
1401.571509601238,2,29,3
869.4431162043529,23,3,0
1060.1436946214938,28,39,2
1387.6241027070787,5,15,3
1075.496019754428,27,30,2
271.1816122256789,5,41,1
885.6181222418791,19,24,2
929.7368172551411,21,43,2
664.9894733884597,12,11,2
1117.844141655848,18,25,2
1404.8321714150716,4,36,3
1392.0743437148258,22,47,3
703.7170885359916,17,32,2
214.1951664690951,10,27,1
1478.0197384953851,20,8,3
1266.4022253466044,6,11,3
230.76088774473692,25,4,1
1385.2207297951898,14,27,3
1311.349724990086,11,34,3
802.3151828328046,11,4,1
907.3493818301474,29,33,2
628.5539206116889,18,45,2
129.40437629194543,27,33,0
536.0360003865563,23,12,1
1214.1375004671165,22,38,3
56.716433356674145,18,41,0
533.573798952159,24,44,1
627.3446057068678,23,47,2
829.2236242599881,11,13,2
1383.7906437985027,21,10,3
552.2016918306438,12,41,1
553.0821427495301,5,37,1
1119.376809759135,23,3,0
705.7160142902204,9,32,2
375.67699326297384,27,6,1
706.0372983924054,25,40,2
254.2426795507098,9,7,1
305.7611304340238,22,36,1
772.6332704722456,10,9,1
657.4419017815944,22,42,2
1376.526556548745,19,14,3
575.471153719118,1,37,1
891.853107903163,7,14,2
966.783217483319,4,4,0
68.98696205308377,1,28,0
1012.1291894242304,15,18,2
308.15215196113957,8,9,1
1443.55196033071,12,11,3
265.5609552420138,22,3,1
651.2049794041844,22,30,2
173.7570187140336,18,17,0
1495.4676651766238,15,15,3
778.1827649803017,17,39,2
913.3082751140635,29,35,2
147.26089221321985,14,24,1
1137.4426820788078,14,22,2
354.3631099885994,18,11,1
1352.178719689035,20,33,3
347.4524786989104,18,35,1
326.49719496231654,16,36,1
102.99701837973757,1,2,0
734.4970704094989,23,8,0
869.0196432307938,27,17,2
145.27752717111093,11,42,1
1174.5150442077654,15,34,2
707.26881038464,12,33,2
810.3658905249911,8,40,2
689.1059830604308,22,13,2
631.1064382692226,20,3,0
861.478480396916,6,28,2
275.09835659953313,3,40,1
313.7957892181431,28,44,3
1299.5891504696,24,49,3
1421.8674200937676,26,14,3
591.2985086056418,13,27,1
442.57977605815296,13,41,1
983.7993376965728,2,15,2
642.6645480922398,5,11,2
86.81021570750005,17,4,0
276.42126618097603,6,33,1
1088.1597318287263,2,41,2
1005.4397157697194,4,0,0
89.28918913005106,22,38,0
371.85963480277667,26,31,1
385.05845505270355,11,25,1
1024.2444782181562,8,16,2
78.58027974382803,12,47,1
200.95744387763207,8,26,1
1209.8783237911246,11,23,3
308.88975997878373,22,34,1
996.4818563852183,20,45,2
395.36503251775343,8,41,1
194.19001950105047,29,38,0
402.5996769492084,8,25,1
1097.2870511907058,26,48,3
1290.7598787541144,17,37,3
1253.818803622138,20,22,3
625.9161179467595,20,21,2
1018.7234480274369,23,3,0
347.2272283529404,16,48,1
475.06420887846923,14,8,1
1349.6869368556236,11,3,3
68.85278909056726,7,6,1
173.9873697389787,16,22,0
351.4350699617396,13,1,1
88.47169561703859,27,48,3
313.0813808802061,15,23,1
895.4102634060537,24,39,2
661.0655983591221,16,30,2
1344.3739810616134,27,46,3
1235.2931645207393,21,30,3
545.6351599619202,23,46,1
426.1639784753741,24,39,1
600.553991842537,9,47,2
905.9276666464713,3,42,2
438.6922791931706,19,33,1
955.0159163812443,20,23,2
643.6468956772986,5,48,2
850.4684122353714,10,25,2
682.3834672462092,17,15,2
476.9753513357806,15,46,1
1425.2572950951271,23,12,3
1157.2284015316532,25,14,2
253.16410486135618,8,26,1
1309.2785650519736,15,3,3
756.7752374617947,21,15,2
1347.1007289964325,14,29,3
1209.7901211236072,20,43,3
666.5595814803885,28,29,2
82.58049706417023,7,35,1
439.5821711081718,21,2,1
835.369611258257,23,21,2
968.5434187479135,12,48,2
423.93714387814333,17,21,1
252.06630740559498,17,49,1
1260.6488433589836,10,49,3
1477.3831620201506,29,48,3
812.2507643388944,19,11,2
298.9349644800401,14,20,1
444.84562345308495,11,3,1
76.66648099382677,2,30,0
1375.7332695127236,18,43,3
220.73907019070464,7,30,1
885.9488894956677,12,22,2
447.3800699964487,26,19,1
853.5581036479005,2,14,2
994.5595631102032,27,22,2
1253.1256153754423,20,27,3
349.31084405287464,18,15,1
65.9439515547967,6,36,1
248.48416359977054,24,20,1
1355.0270306797524,10,14,3
1317.140612465647,20,16,3
916.248998146947,15,49,2
920.7494476287974,5,36,2
1014.3031780920704,20,12,2
304.2883540040019,3,18,1
1375.8973215911917,5,29,3
657.2172610935061,25,44,2
605.5508659617714,8,17,2
802.4306726601144,8,13,2
118.10065182382982,8,35,1
291.1108846963151,12,35,1
1120.148743818237,24,19,2
170.05806849143337,23,18,0
924.5705587262629,8,44,2
405.75620903791537,11,43,1
614.4786403608659,14,6,1
468.6059183175148,8,43,1
565.7254388741762,29,3,1
1092.616562517156,24,33,2
480.8264876536038,28,1,1
871.286728430501,10,4,1
740.2730831886945,7,9,1
1012.3231897758398,28,31,2
1408.403122020899,17,41,3
1112.2295409548628,4,40,2
361.6635489565973,29,12,1
95.21554583886277,13,38,1
430.2828642347464,4,4,1
912.8629995153696,5,9,0
124.567429552163,26,9,0
769.7310584417927,22,37,2
915.4221309294894,4,26,2
534.6536416845931,18,20,1
1167.8226954314418,6,7,1
204.56746704396912,24,0,1
158.9497835169227,24,27,0
1105.8736964952247,23,48,2
768.4624084989878,22,38,2
1048.1834748202173,2,13,2
680.499640975432,23,20,2
407.28294819670487,11,29,1
1237.6983606275896,28,20,3
1209.1530245050199,14,48,3
1057.3098827389188,5,8,0
444.6104489834459,6,16,1
905.8344669601763,10,4,1
573.4121505630388,8,30,1
182.79400632361953,14,39,1
1380.104684420252,24,37,3
248.38701483249403,3,42,1
1427.8441630401635,12,18,3
696.7083707890358,16,35,2
318.4427468159985,28,49,3
835.7563736986193,23,32,2
1315.7714620207921,17,12,3
1111.7260852938637,1,13,2
1219.513664399102,23,32,3
1005.2358817305402,10,28,2
1053.801018550886,25,42,2
1281.333694769713,23,48,3
412.01861284581963,10,35,1
759.6661972825536,21,43,2
370.7536906384232,24,9,1
1482.1186115951382,2,30,3
1418.8860425455891,9,5,3
107.16887648433355,22,0,0
1073.0840001477482,13,6,1
1391.6100602527154,25,26,3
311.83425043463365,16,20,1
873.5205843013127,18,27,2
1377.4580315026606,19,15,3
99.22166894940833,12,45,1
1061.2593875079178,8,22,2
481.1560606901986,17,19,1
1390.3744832959692,15,37,3
1458.0344554897833,10,24,3
1419.1864092144792,15,27,3
737.6106141533224,15,4,1
1299.9618439345045,23,20,3
1274.5966278758522,7,17,3
512.6956862027207,13,46,1
1251.927437518482,17,5,3
103.66107033746431,9,28,1
914.5913237989769,8,18,2
383.5128140671694,20,32,1
224.82198437705426,26,0,1
161.5821423623533,27,44,3
1059.6187250233027,21,2,0
542.8186974636959,18,41,1
1100.9118187167041,13,20,2
144.76669415846644,16,34,0
507.17098985438497,9,40,1
832.262373944239,12,39,2
1196.548589016497,12,2,1
512.1911292515014,6,24,1
957.5424958336632,19,44,2
1334.6677349424713,28,37,3
943.0016228643416,7,44,2
387.79123839276895,25,19,1
85.38113325698012,3,43,0
1311.6433671563484,16,44,3
80.84064573306135,18,33,0
1318.317425392089,16,20,3
816.9588443394574,23,47,2
1411.6481628436995,7,22,3
1208.2356918718149,4,5,3
1497.0044602733394,27,12,3
558.5321324049797,25,48,1
1162.423018950134,8,22,2
632.7998247334011,13,8,1
745.8196494406678,13,16,2
959.8829216666367,17,1,0
1316.831815570191,17,18,3
1476.921030338978,5,18,3
1163.9964501035513,6,6,1
655.7618341426339,19,41,2
660.9676533017517,13,41,2
1119.4943373038927,25,19,2
396.22686136403837,28,8,1
210.18746404052226,26,16,1
564.202128579126,14,26,1
466.4965378984185,22,46,1
479.64677466118565,4,1,1
388.73123902236944,28,35,1
111.03512497272473,7,18,1
75.91720536345002,8,16,1
1482.1974651172457,25,4,3
670.2710439170004,13,38,2
607.2736383815385,27,17,2
1035.4885599049512,6,6,1
366.46813740434305,6,16,1
1427.4437167278268,24,38,3
1190.2002709025505,28,35,2
179.6459533527763,21,39,0
655.4921248881461,3,44,2
1324.7215459651388,28,3,3
1419.861432322545,3,37,3
727.7321913123111,13,24,2
939.4465143555261,22,4,0
292.1992218335091,2,29,1
1487.194507898616,16,11,3
385.92396700599295,22,3,1
1416.9610724959323,29,23,3
991.9876410389343,6,28,2
931.2183525743458,8,8,1
793.3983409739375,23,3,0
384.4712269907501,8,23,1
305.965646407987,25,13,1
369.7050031517543,6,4,1
320.33548010916905,14,17,1
1180.3974866717922,3,41,2
557.6816257917586,10,18,1
133.87188101692473,3,11,0
1455.1988137041765,27,17,3
1331.4895331969672,12,16,3
1395.2408106330588,17,29,3
1492.616342837331,27,23,3
302.14811136825654,29,10,1
624.5509274088552,5,34,2
1149.4457897709324,20,22,2
1059.2298961779989,25,16,2
273.14906419278987,9,0,1
1232.9580312363958,21,14,3
375.43882916315795,26,31,1
374.5355414928035,20,8,1
828.6129131954497,7,14,2
909.7629055204695,22,27,2
891.1250013648262,4,23,2
182.65591422674456,13,34,1
1322.3182508140515,13,21,3
435.1200617536238,10,26,1
237.79663586006606,18,18,1
1338.684715810017,17,44,3
1435.6946724331424,20,11,3
1300.0850450349035,20,19,3
1223.7983083510733,13,0,3
1000.1008719265815,17,20,2
848.743187383252,22,48,2
176.1308018715447,4,44,0
642.2571589525131,1,0,0
590.3983496678553,1,9,1
426.642986452473,15,46,1
1098.9591648484482,13,31,2
769.0198158642177,17,38,2
167.5170130660895,24,21,0
369.26564282722643,26,17,1
1040.7252073064142,8,47,2
160.38974626093528,18,45,0
1284.2500253707146,27,31,3
767.9624641702628,13,26,2
746.8505371236396,23,27,2
908.9912877563005,14,17,2
1245.7874005914664,8,38,3
554.3233514581799,8,48,1
1033.1234212106422,27,28,2
870.3113477938971,26,17,2
437.19099174566094,15,43,1
1324.0134802149792,27,7,3
1206.2677313300458,13,30,3
1004.755160254717,7,33,2
1283.3435071866509,5,6,3
1307.5765913917135,17,35,3
1077.1263162368004,28,17,2
1263.6693261273244,25,37,3
1061.3336194204612,29,8,0
1036.2041190524355,16,8,0
946.9864984120172,23,45,2
1141.4391273585798,2,7,0
279.97740267495686,22,34,1
1327.2626008384461,18,17,3
1314.1731152305863,17,4,3
92.40856040011076,7,13,1
1247.4342883189058,13,27,3
236.86130783649554,18,29,1
535.9223386757558,29,3,1
1128.0869716228312,14,38,2
283.1018492700469,18,19,1
1236.0521849726401,13,24,3
1256.5945580387258,11,27,3
785.8282139532125,21,11,2
59.25951398940869,21,1,0
466.20529310362355,16,42,1
944.5440316448262,23,13,2
1472.719958139764,17,21,3
966.1296141741691,8,30,2
426.7151925430317,19,22,1
969.3082694944364,20,47,2
832.9788005879905,15,19,2
1180.7758229691583,9,37,2
205.1219262990897,20,3,1
1153.4904586279406,10,14,2
834.8365390803599,12,23,2
1446.3384055955423,21,24,3
545.7146407560948,23,0,1
967.3017450442247,20,6,0
1401.4407529895254,1,30,3
198.63910558648493,25,11,0
1408.9813064928542,20,41,3
1047.4342973361795,9,4,1
148.36373570249924,22,43,0
486.39717207288356,15,49,1
1076.8495285356582,1,41,2
147.65837212971894,12,37,1
894.1471672555963,3,11,2
551.5304325817873,11,38,1
950.3275007628419,2,17,2
116.32594902814363,16,1,0
1313.7283689209455,9,9,3
1461.5590053072256,15,14,3
1454.8728901642526,12,29,3
1136.995156027241,1,43,2
238.62504818941636,13,16,1
1149.4816340970826,14,3,1
85.65102886526219,25,6,0
82.07914971704602,25,40,0
519.2348177668348,8,30,1
758.5326260867654,8,38,2
1167.0907558213,27,33,2
1040.7782960794325,12,5,1
696.5589242462851,1,49,2
446.7586661084155,11,37,1
1495.8305252286812,8,44,3
667.9628882421608,10,33,2
704.5111852780294,19,43,2
287.25454072792036,11,14,1
1202.4738456873977,7,13,3
1055.8392273831587,11,5,1
370.11593854370255,17,49,1
169.45251614297192,1,36,0
1036.723988008334,26,49,3
999.0412607076461,29,31,2
446.2263141474035,21,2,1
1428.752165263095,21,2,3
269.0339430823053,8,21,1
676.8854615117727,23,21,2
1418.2430842430183,24,9,3
658.6046095428774,6,2,1
975.8626241129241,22,11,2
626.5118770460517,18,28,2
447.61204340557157,6,47,1
1476.767589541751,5,16,3
643.5343091568124,13,6,1
1346.443845334745,19,12,3
383.43417854207496,22,1,1
359.00182083637077,8,3,1
95.14442018254147,9,9,1
994.9168967950333,17,38,2
584.3631983994536,3,23,1
1303.3194622674737,19,16,3
736.1543647027579,11,5,1
1453.8804704763465,24,18,3
319.01199776952564,17,4,1
1309.5035935356357,21,31,3
1176.0654365480254,19,9,0
1167.8366747338755,2,8,0
1274.9356807694871,8,26,3
1153.4847868673485,19,12,2
958.0194663655523,7,18,2
240.30507263946197,28,20,1
97.16296026231528,27,23,0
1385.229379332746,17,37,3
944.1429560550702,6,3,1
1204.9790719154557,19,23,3
748.2074096931976,24,34,2
220.09687399547198,6,2,1
231.51939869369815,28,3,1
1044.0696664820084,2,36,2
673.943547604221,6,39,2
340.7608537154882,23,47,1
762.8120927750834,5,34,2
143.10295875894442,19,30,0
893.8585327758782,20,43,2
440.04043643089165,4,24,1
1206.460695923923,22,39,3
500.02484043918196,26,12,1
710.0692161686118,17,3,0
66.84978286674593,11,45,1
155.04798730211036,4,13,0
619.1156567896929,26,12,2
745.9113103398291,13,26,2
920.0297947729904,20,5,0
472.9107391284897,26,16,1
1057.7237348834867,17,35,2
1297.1774759243467,9,39,3
1180.7839338953572,4,48,2
107.44729675511786,23,34,0
746.735073523852,28,16,2
202.14875870635356,14,40,1
400.9652730006648,19,1,1
1480.6607602373624,26,12,3
256.6185372071942,28,1,1
773.3878225044663,3,27,2
946.3258147612727,14,42,2
1068.5742072889507,8,25,2
861.4905910560254,24,21,2
64.1677287578163,27,46,3
523.3688969537882,28,42,3
800.6818829078316,1,2,0
177.40642376000835,10,34,1
558.4090502533121,18,11,1
98.14450774748153,16,23,0
163.93882087478008,8,4,1
625.5387504923143,1,19,2
242.43784336243752,12,38,1
872.9342299792593,8,38,2
1049.7242052490353,24,12,2
1210.8507137081701,16,40,3
340.21785415497465,18,44,1
292.8497442756511,4,11,1
201.62336848488036,6,12,1
972.8238618382732,12,9,1
1074.3898034060066,27,32,2
95.79990999718095,9,39,1
1407.5077570533501,15,15,3
125.35836129463499,16,44,0
834.8796861865521,24,34,2
1078.1377532038289,12,2,1
1312.9052294318242,24,4,3
1085.4260515920203,23,25,2
1212.5057204511982,14,10,3
542.2027791870688,13,6,1
1231.4964149324428,25,9,3
166.16652725777897,2,41,0
1347.4841512877651,3,33,3
844.0089454229176,26,2,0
1235.0817664456158,24,7,3
705.8615125515352,22,30,2
983.1876580349613,10,10,1
813.2838583573641,9,44,2
1110.8048065452313,26,6,0
168.3634739443549,20,44,0
137.5105217863175,8,1,1
408.29968931471234,10,5,1
281.3397861641231,19,40,1
1314.0861715586925,3,31,3
367.86028166916424,24,19,1
1465.0046209377404,5,33,3
538.498898068105,3,49,1
314.070977748614,26,15,1
1195.0628353565946,27,24,2
1005.1262744762704,16,11,2
772.3837888570515,17,6,0
855.2771488595653,15,38,2
1092.8425784947826,3,16,2
381.25937493038316,12,44,1
1494.6841782822758,9,10,3
1463.4500851128355,21,5,3
992.9722452030585,12,22,2
339.33655384726046,26,26,1
1036.3309515253723,15,45,2
154.68769301980495,2,5,0
94.44612819841879,23,37,0
423.64018834125983,18,1,1
720.8032872720087,20,21,2
1308.9951328421519,12,19,3
1104.3951511611467,23,24,2
1126.9244557399725,4,14,2
666.9653349497092,23,48,2
551.6057391930963,16,28,1
588.0062063276739,23,7,1
1482.0918674172838,16,36,3
108.1583275480996,1,48,0
1307.1956693775505,22,32,3
889.0793424299704,25,21,2
685.9923578249062,2,49,2
1101.623607601948,3,46,2
755.6699650658192,26,4,0
1316.4636952184078,21,38,3
1356.0177028163248,25,17,3
661.4953439665104,20,37,2
451.4003059908248,17,36,1
908.9079764603753,20,29,2
1372.926851144202,22,30,3
355.4601740582165,21,9,1
953.30154616705,29,14,2
965.7623191341548,1,41,2
1113.0138825021575,20,47,2
240.7731434345267,6,43,1
1087.9461987890284,29,17,2
1368.0971549651795,15,22,3
310.54050786185087,26,32,1
394.4378211396226,26,15,1
1458.5228863603775,14,37,3
312.41658142876014,20,34,1
1288.8583853858897,15,33,3
763.8028918496505,14,27,2
408.4850578846067,25,1,1
1312.5873568451416,21,29,3
695.692619753865,24,12,2
796.4851631980508,25,40,2
570.8883856296602,26,15,1
909.7787345806448,5,4,0
287.10961524828303,6,27,1
617.068228145053,17,38,2
1455.6478673861668,11,44,3
424.2934774166349,16,19,1
1002.2681635848737,12,23,2
521.5255931258075,15,26,1
1171.536032245571,23,29,2
239.76680804160725,4,44,1
1456.24051536389,27,26,3
707.994835006277,18,25,2
392.27317185237274,21,6,1
156.57028362851835,28,41,3
296.14896237693404,3,46,1
803.6722254062256,22,37,2
538.6546058253651,8,4,1
1251.8808805297838,23,22,3
674.7869093096186,3,27,2
410.6356952520634,8,33,1
944.8602305758436,18,14,2
1074.8269644838965,10,31,2
292.2107664563773,25,25,1
293.0478636180606,20,47,1
103.17356905363731,17,30,0
1117.7829218451786,8,18,2
1012.5165650516174,23,8,0
738.2147698372302,11,28,2
1274.0471510053358,29,38,3
1218.2217217775772,5,3,3
898.7638283752906,26,2,0
1308.993356744225,13,28,3
348.469754553314,21,10,1
212.28344812670542,23,32,1
441.13693669963493,5,37,1
132.77594132950654,24,10,0
820.1958156014964,27,26,2
1408.0782538276942,13,32,3
107.04813396933899,6,20,1
227.05937531453887,29,38,1
705.6885910109811,5,30,2
1404.118775415462,9,37,3
508.42635221628825,27,45,3
785.490472598169,16,1,0
110.28064562306854,2,26,0
265.09764139502886,1,35,1
1480.613678290328,8,10,3
1449.422109832266,28,46,3
57.162972354893945,19,17,0
1430.1270888636966,11,0,3
976.7239098324756,28,34,2
1308.481527054032,12,34,3
709.3727906690957,12,30,2
797.6142414399128,7,27,2
758.8275413725343,26,38,2
1016.9531734418513,13,0,1
252.4943193966537,27,24,1
93.46170531538303,8,42,1
496.4984153072268,29,37,1
1071.7871059681377,29,19,2
342.68750557827514,22,2,1
1026.47702832113,28,1,0
1456.3724668555421,26,17,3
186.15603789465666,9,43,1
1025.273071426433,7,9,1
693.4378179916282,26,4,0
1308.8062688473829,21,8,3
306.86719469870957,24,1,1
1054.3076307279384,15,33,2
1265.2671699897599,2,37,3
1419.6906182373336,23,30,3
1040.7096410199865,20,9,0
770.9034078122196,25,49,2
945.87849829176,12,11,2
1309.9122274941415,1,35,3
877.3841326263031,23,20,2
94.06123656041345,22,48,0
1399.8756084851177,8,46,3
1049.8137889957636,5,5,0
1030.9444093770076,15,47,2
362.7289709766899,1,48,1
1005.383931837353,1,2,0
621.1033881985298,25,9,0
994.2878167101635,10,4,1
204.55989394658656,22,45,1
1003.8756916744022,10,25,2
1499.1499023674664,21,20,3
119.90745634780625,15,44,1
1466.9025671209101,17,25,3
640.0165430481624,22,37,2
1312.5925029890257,6,43,3
1184.4589518844966,3,25,2
872.1735784306683,13,7,1
1120.7513534144234,16,4,0
1323.8475638869545,8,14,3
636.0034663939978,15,15,2
524.1980842666961,17,0,1
1018.0104090671979,17,15,2
1221.3766158148248,22,36,3
1155.3134454260928,26,2,0
1206.82979084502,13,46,3
681.5958064787528,17,30,2
1235.8596134537813,6,12,3
224.30313028738223,17,15,1
839.5091920432318,16,42,2
58.350057722276276,14,20,1
520.6494533553919,13,1,1
581.3692255635269,6,26,1
624.4504028334203,3,37,2
1058.4274497003003,14,25,2
613.4092468420013,14,37,2
700.6057528026695,15,45,2
394.43898976777484,8,24,1
591.2150978625431,29,10,1
379.5409595315696,15,7,1
156.1340894642433,22,7,0
925.000460402998,29,32,2
1018.9085579047736,27,6,0
948.261001713941,13,37,2
722.0663635108299,17,20,2
600.6893812598832,21,7,0
1301.8337918791467,24,20,3
802.6685884475162,3,19,2
744.8137225631099,28,7,0
87.18099541933174,6,45,1
544.8093500579267,5,30,1
601.2836472394928,22,49,2
628.2930323005057,26,28,2
891.2499353796318,17,47,2
823.7236927539738,23,8,0
931.4623845504947,25,14,2
1159.080729236086,2,29,2
1228.8293211383354,26,25,3
1091.2784605284169,15,9,1
1435.5093591346554,5,28,3
76.43724488072436,26,15,0
333.87807924114185,20,35,1
60.96616871830607,6,19,1
988.8383355241743,6,44,2
1352.144295977481,27,36,3
403.04933003563394,18,21,1
1394.2000899546447,18,6,3
137.38771591986324,4,22,0
1404.9322388679957,17,40,3
559.8528964974698,25,39,1
197.06020125136394,14,28,1
754.5140508201722,14,15,2
422.32602319473654,13,37,1
463.0657078447881,7,27,1
495.5704491431155,12,47,1
1214.387551857362,23,37,3
831.783851179119,15,30,2
501.3961637762053,19,13,1
934.9839858008316,11,32,2
1088.4184776236307,15,8,1
445.304801063624,12,26,1
649.6461972117597,3,23,2
226.73483533857396,17,12,1
312.6665568252865,3,25,1
1037.6208882492251,19,28,2
313.08560415865907,20,48,1
811.4869063172373,4,42,2
1078.1170794975274,3,27,2
204.97153848737855,26,27,1
872.6027184619102,16,7,0
422.01603636697746,12,22,1
1446.2439690944907,8,28,3
751.1411877438909,24,4,0
1218.6891971739792,29,41,3
847.8284861265796,29,6,0
112.94817263948778,17,41,0
968.0694946113324,7,35,2
1429.5348461996527,11,40,3
922.3371392121802,18,26,2
1237.8238461688459,1,45,3
1332.0993718551913,3,1,3
380.7156693259521,4,24,1
357.46501786692863,13,8,1
935.922433833938,6,26,2
645.9912812197218,26,0,0
1267.7988891567445,14,22,3
1355.033528927116,5,9,3
562.4609999889412,16,41,1
393.462310512999,15,24,1
1181.7619971035997,15,2,1
448.4687515447973,4,5,1
1242.7907618448337,8,5,3
664.4204677907061,27,1,0
1017.9473539726322,16,17,2
188.52620506026886,28,22,0
954.5960207810309,16,1,0
705.0631341689822,4,11,2
900.5822716044374,13,21,2
293.620601230052,26,36,1
1118.466930169064,28,19,2
1301.0557624376813,13,38,3
364.2727101316247,2,23,1
188.7861055042345,3,47,0
84.27594976718777,22,19,0
980.8586756427358,8,0,1
930.2863523287322,24,0,0
842.7112484354016,15,16,2
386.32328936816435,11,0,1
616.8136940629963,9,44,2
911.9906860199509,7,29,2
770.3119453457956,13,40,2
1482.2890043115865,2,46,3
247.83764120726303,8,2,1
1057.959603369011,7,45,2
636.2622137512236,24,10,0
670.8894416421414,12,23,2
1090.5167602043555,19,21,2
1054.0324194203358,7,43,2
1487.321190868173,10,44,3
236.1717197084816,29,25,1
200.95899160704118,25,12,1
1100.2912848366748,16,0,0
888.6610296592931,3,23,2
447.5329665117185,10,9,1
165.1580850340306,6,34,1
174.20446191482426,18,23,0
1346.5767682629714,18,27,3
328.2076208421772,5,35,1
518.8887650675051,21,15,1
378.6517832291326,29,39,1
564.7446434563091,7,15,1
150.66457198183537,28,16,0
802.6366968169921,2,14,2
148.03821720871161,11,15,1
1210.5169363424243,13,14,3
388.8825187701279,23,33,1
833.0172761765403,5,10,0
1326.1146769641146,6,0,3
993.7721851184316,24,14,2
822.7887904994362,26,25,2
520.2839420172946,29,3,1
532.852773934387,14,42,1
1020.7560850373757,12,4,1
1491.502073770693,4,34,3
1009.666825281599,29,12,2
858.7859551865361,23,9,0
1109.4432398469069,6,10,1
724.5481378113914,10,17,2
137.20639677113854,18,33,0
865.3303830229693,15,38,2
1438.5566625328013,8,40,3
304.1892664186065,26,41,3
1050.5070916899654,9,49,2
341.3538485556319,5,22,1
826.9501424859678,10,6,1
190.18085198774344,20,38,0
703.0378575743684,6,2,1
1146.4368268981068,16,11,2
553.978710146524,24,6,1
1014.1220005064662,27,48,3
1203.4024431451073,3,25,3
1394.4078382452064,10,32,3
390.23101869040767,11,36,1
629.0080779234968,11,47,2
271.00321932910526,17,14,1
1489.101078129644,4,1,3
1394.1514034902282,4,40,3
832.9378389068114,17,6,0
1270.9482768458108,9,31,3
805.3890670444612,19,3,0
954.1992476040016,5,19,2
179.2304265682241,22,49,0
1145.1421097203715,24,35,2
235.1845512710905,6,31,1
1247.798063866166,3,27,3
1183.9407271220596,22,12,2
1077.6798117273158,1,0,0
102.43255176090506,20,34,0
489.5361161207265,22,47,1
431.5132263707222,16,29,1
572.1977908337027,23,35,1
177.08198280756588,11,24,1
1408.588843395041,13,15,3
853.0132490329456,27,18,2
493.01025045413417,10,0,1
625.623199757711,3,4,0
698.4436837320117,9,21,2
920.861783372895,28,23,2
797.7351701599217,12,42,2
1383.1183611609051,23,44,3
770.5970502134538,14,36,2
1488.6291214938033,1,35,3
1284.5661887303888,18,35,3
352.3402458181369,17,3,1
1399.3630612336785,27,35,3
218.73127693394034,9,17,1
1235.3020773122278,9,49,3
601.9037755410411,23,15,2
1323.0627646453509,10,40,3
1308.682200655803,19,17,3
1218.5918301705506,29,21,3
1195.544132645239,15,1,1
491.78475169215915,5,20,1
167.33296042431567,15,35,1
634.3212592094841,20,43,2
301.6105467304376,23,38,1
1057.6790789085694,25,46,2
551.844603479789,28,38,1
1464.6347912468766,2,28,3
979.4095121507314,13,25,2
1242.5968172698233,24,20,3
242.16077547568023,16,16,1
1299.9209992953026,15,15,3
1387.9979262444217,25,30,3
756.239782287457,10,8,1
929.0667597389173,14,30,2
1158.9742113093434,10,13,2
303.51600952759816,25,48,1
778.7208108719915,14,36,2
628.061390269854,26,1,0
262.2422886352612,23,47,1
582.9249123227206,9,45,1
148.84984860896566,25,13,0
87.42726507675613,14,32,1
245.991119274493,3,34,1
1446.516911804302,20,38,3
846.8178270477746,16,46,2
1450.442133672169,2,19,3
677.1219235786914,10,1,1
502.13339297362637,3,40,1
783.9057011183539,11,18,2
687.2919485177197,11,36,2
203.21379217952867,21,17,1
979.198156300799,21,15,2
363.25536463891945,22,3,1
948.402534601853,13,11,2
992.7915839773224,7,28,2
270.43603703653974,23,6,1
138.95695931046885,17,13,0
1182.1042997992377,2,11,2
716.7106144655143,12,34,2
134.3375034829399,25,4,0
1492.5561598961624,10,16,3
133.78181344473163,18,41,0
1057.801081844902,22,31,2
1476.3344416319496,27,9,3
396.81115111309214,11,42,1
256.26158459643443,16,16,1
226.0081621625219,17,4,1
489.74896397301353,19,44,1
196.5164259654377,18,41,0
1053.6339454564913,3,8,0
140.3231072885909,21,48,0
788.6620858171951,27,32,2
1495.2104380868163,26,35,3
1230.2568907837272,16,35,3
942.0681854349658,6,17,2
494.0677501405869,25,8,1
954.6489626228757,12,28,2
814.2101226718949,11,49,2
667.8209066410386,15,13,2
239.53004627328923,15,24,1
1335.5761120986767,16,14,3
702.1877407909177,10,5,1
332.20264214010933,12,41,1
583.25105877207,28,28,1
650.4881411669442,13,14,2
1249.9299485719678,4,28,3
1113.740851814033,7,3,1
1165.4920957799427,22,17,2
65.99533342153846,2,49,0
653.4232973606541,26,48,3
747.9490198712192,27,43,3
77.8288013934322,27,38,0
426.7291526802996,27,15,1
1152.4202435270959,15,10,1
248.80907330704864,8,13,1
826.199690606258,7,2,1
362.04271442499436,15,49,1
67.57512323364524,23,41,0
399.74211351933513,14,37,1
1465.016944619578,8,44,3
1212.2288122303348,28,41,3
1441.3861342654984,12,17,3
757.3883636932255,13,19,2
209.11748808238008,11,47,1
844.5412590118548,17,24,2
708.8471351119433,29,37,2
1274.317769972443,17,12,3
192.21974213715464,24,3,0
757.9496486815783,4,13,2
267.57056380627716,21,32,1
520.7800939905869,8,27,1
1119.1677622123095,5,36,2
740.2262875847115,26,7,0
595.0380134613655,16,43,1
621.9906039265512,4,33,2
716.1978141886806,28,43,3
1188.2739885637325,22,4,0
1343.52279896334,29,4,3
1435.235295430696,15,30,3
1191.009910070178,12,44,2
507.3399988346184,5,8,1
1047.795323825486,23,41,2
684.5245298803183,16,31,2
419.2724019667742,14,32,1
1269.2637901675878,10,2,3
105.71820599537125,7,29,1
1357.5548885963642,13,49,3
719.1423237058646,20,11,2
973.9421413720066,28,28,2
1006.0631871983849,29,2,0
1347.9207240244777,5,25,3
973.1710391424506,29,29,2
940.2036979020895,3,8,0
146.64545881300046,15,25,1
801.6916318205459,4,1,0
267.7450511847104,15,2,1
1119.278964646154,14,45,2
792.721785178378,20,3,0
1036.3302798521122,19,24,2
110.42570587345719,13,12,1
172.94842326641466,10,38,1
1088.6689126908893,21,43,2
154.52228719807638,5,34,0
153.32225525962497,27,22,0
67.5572890905868,23,8,0
1436.9270275342462,20,1,3
1119.38712121556,29,40,2
562.2145423279931,20,43,1
479.97659286710007,25,30,1
557.0696831314818,6,43,1
1173.2476202127136,4,46,2
1008.9873860521009,2,1,0
318.5335734078285,22,31,1
302.4585362344223,16,17,1
192.6736920844261,18,12,0
1007.4389435669403,5,45,2
1158.3403602215171,22,4,0
434.31732107125583,4,41,1
80.37019349482358,13,43,1
169.14891784081965,19,9,0
1453.3970505252942,23,42,3
478.3949273422594,2,24,1
1165.3735643652938,13,33,2
955.7621748386824,11,36,2
603.8124774966991,22,29,2
348.2465301835549,29,6,1
226.01030633113933,4,5,1
941.7688036563566,22,2,0
1173.2189819247926,20,12,2
983.6611676346395,20,2,0
818.9380932112796,15,25,2
110.82927397587258,4,23,0
1454.3087275118564,9,5,3
1208.135577899133,7,42,3
474.59195321639885,19,48,1
1470.9569775703335,19,41,3
922.728304972667,6,11,2
894.5128544005074,6,48,2
1134.7061101728216,20,35,2
1227.0661927306994,15,1,3
1001.8939806306788,15,10,1
235.73883223099003,25,38,1
540.4878836920227,20,33,1
1395.7212784727722,9,25,3
375.6926371735853,4,17,1
589.6421845643944,18,20,1
676.5114802690842,18,35,2
687.1372350569557,5,39,2
938.762394617062,20,45,2
1417.459964729826,23,43,3
399.0044321571322,11,21,1
226.17699563633118,5,29,1
336.3322102969091,22,49,1
1336.0411053034409,26,42,3
986.4256783500488,4,29,2
464.5648443967822,29,7,1
1233.1230615044951,12,33,3
1298.9864947269823,2,46,3
1277.445791100903,13,8,3
1382.443473777354,10,19,3
415.7494792513743,9,39,1
1144.8107966821035,10,24,2
717.7822710475031,7,18,2
1270.8979016905892,4,4,3
1106.3114818843392,19,10,0
1175.8487974246007,10,14,2
1001.4346646375536,3,7,0
307.27171573107495,25,18,1
840.2890324005606,21,22,2
1477.7711223105368,29,26,3
1409.2126964208223,19,39,3
112.60191690566691,21,31,0
288.98148280768385,2,25,1
241.00672150911475,27,26,1
1102.6708694786785,20,18,2
1235.7887282925703,10,49,3
359.5914811504743,2,41,1
783.486404780152,2,28,2
1269.0193906162401,28,38,3
1112.5622399110634,24,40,2
836.2439479631801,17,32,2
906.0041511652207,16,18,2
787.122793028606,16,36,2
481.44525441228984,14,18,1
869.2818896455733,7,32,2
1048.8836879726314,21,46,2
1316.318227998171,11,15,3
972.6224632699098,24,22,2
1153.6262287125792,1,6,0
282.1038706841308,11,25,1
719.2583379086954,23,31,2
63.53084874928528,21,11,0
407.68435355635336,4,7,1
1103.369486913857,7,4,1
1488.124429456577,26,41,3
193.80824440146307,15,27,1
632.166757998868,18,4,0
1210.1029046137812,12,48,3
345.8516702119033,17,25,1
854.873176488315,1,4,0
1112.9533792430284,11,21,2
943.1789028772596,28,14,2
322.6358651923534,1,12,1
565.3076245943222,15,27,1
1186.498087503826,28,32,2
853.6284454914241,21,42,2
57.58293963722347,10,22,1
1153.436602040736,7,32,2
101.20146466334666,2,42,0
1131.3139849602867,10,17,2
343.59681223959427,24,49,1
1439.2065461731013,4,29,3
583.5140893880225,12,25,1
524.0508436902147,19,15,1
265.8876729820448,26,12,1
493.12611246081156,11,38,1
1321.143604650891,8,32,3
1494.6847895595085,18,25,3
584.0488192349301,11,47,1
700.4854148840867,11,0,1
1097.0028603939686,13,48,2
1334.9838816743581,3,37,3
909.914284570837,12,1,1
617.7122623578525,3,48,2
648.3016692305044,10,5,1
1058.6463124203701,27,45,3
54.66648222620409,17,49,0
948.404539316769,22,37,2
565.4648651399682,2,41,1
1201.5861303517722,17,23,3
184.83642774354163,16,17,0
902.8932870751662,2,26,2
747.4106903348794,28,40,2
981.3720125625797,22,7,0
144.0377120003041,20,27,0
890.9764917707904,6,9,1
864.1526525413094,28,16,2
862.9571369034478,25,28,2
925.0571165648595,29,5,0
1030.8785089782252,10,13,2
1217.234049537116,28,21,3
441.2400441859108,10,5,1
1246.32164476109,8,25,3
772.4707392820078,1,38,2
161.73450474478017,13,11,1
134.89884740376982,24,34,0
534.6455621092882,9,13,1
1188.100616811628,22,21,2
1076.1373553743279,10,22,2
1193.4916987749893,15,47,2
800.0401318403336,5,6,0
688.2885470354613,22,39,2
263.8061637241117,16,49,1
525.8794927335018,13,24,1
679.3280809521191,22,12,2
178.470623035445,25,20,0
369.8873314312563,20,40,1
917.4266763924213,18,9,0
1116.7115156468253,11,8,1
1497.6038915197769,27,14,3
1403.0143304481587,9,1,3
981.7195393260278,16,24,2
660.8096772764044,2,12,2
972.4571788269375,26,33,2
1189.1948462163364,25,33,2
221.5874768389116,2,34,1
644.3620900596179,12,37,2
1267.713314171645,8,2,3
606.5577803029138,9,41,2
879.2147932794205,12,5,1
902.2655732501875,26,47,3
317.49056704377705,9,48,1
575.2413903958181,10,18,1
535.0413686758016,25,2,1
87.98522737149395,2,17,0
85.0780576424651,16,38,0
1255.9607133298716,20,8,3
445.952674460578,7,11,1
801.2142110462823,28,4,0
483.1520817037209,2,2,1
1413.9849054172437,1,10,3
425.9803003553719,19,29,1
673.0023784714558,28,3,0
1315.4588632026728,4,4,3
1270.8036718481226,24,0,3
319.8470558771021,22,26,1
1213.83279920378,27,27,3
714.3709857699444,2,28,2
750.3048645237651,25,17,2
243.5459600031185,14,11,1
166.87219494783074,2,12,0
1105.5119951119595,29,40,2
769.8686709151847,15,1,1
683.4335187920103,12,36,2
1107.7869315459752,5,44,2
1159.9937035371092,28,15,2
280.4168431205627,20,47,1
934.8264667425799,29,23,2
246.26341930264402,7,34,1
1139.4938747421163,24,21,2
1002.5849765873523,21,35,2
1437.091200571014,10,10,3
149.9891237168107,14,45,1
132.72934566931877,14,28,1
459.1712583051402,5,34,1
429.47324141706366,18,47,1
408.11925865439974,24,14,1
1364.069141755503,14,30,3
411.84198978178387,2,41,1
444.3271028865149,26,40,1
1151.1274805060473,12,42,2
702.122771553283,22,15,2
1176.2303075850127,24,9,0
144.78092846835858,6,48,1
756.9782308264073,4,31,2
98.73972026575981,13,1,1
140.84714501026406,4,23,0
1364.3343073493959,22,22,3
251.905788120513,14,1,1
822.0099892990648,16,37,2
646.0886237710245,29,30,2
553.6478230753219,4,39,1
1354.758351246545,24,25,3
81.64392532445977,25,28,0
1012.4950449546042,1,2,0
1446.921929609648,13,13,3
862.2438660196708,4,24,2
1408.3925699479832,20,47,3
125.77392496473446,18,0,0
657.250312657534,6,2,1
427.2287968949742,3,25,1
1109.6903992220582,23,17,2
1472.8807812210077,13,8,3
421.9685905441593,27,37,1
998.553172137408,16,22,2
337.2415675016232,27,20,1
869.7288691288344,5,0,0
722.7021056980875,4,20,2
1459.4077279657288,21,26,3
932.3645454098765,8,41,2
556.7842395258872,19,5,1
215.4388880875034,14,43,1
269.3079016656551,7,35,1
376.70954842929086,14,27,1
413.9016589434321,6,44,1
1283.3932838696498,12,16,3
863.7730430096611,16,39,2
808.9168214928313,17,2,0
216.41486421036532,13,11,1
1297.2025553566807,23,38,3
1098.0807396523014,14,11,2
148.1191247550023,29,1,0
1076.3608909831646,7,45,2
838.1304151468368,14,21,2
168.50175133282846,15,22,1
714.5359302165518,12,29,2
752.8096163385682,17,4,0
290.37308323674984,9,8,1
1421.2623131504095,22,20,3
1282.4642886469599,15,10,3
1020.0823891272071,12,4,1
720.3285634508804,2,34,2
647.0600352975373,5,26,2
993.9115273688835,13,48,2
840.8762106400129,27,1,0
140.29600352873416,20,23,0
793.1288407169809,23,30,2
1219.2852449876173,8,32,3
715.8978225155892,27,38,2
125.33703745368919,14,29,1
1190.103389106848,15,45,2
341.97748409716286,11,36,1
425.0002105876562,1,27,1
288.8242124768291,21,30,1
528.8118440636715,3,10,1
1147.2896832485208,17,22,2
803.1094962807091,28,1,0
347.0778475185332,19,39,1
1322.8536133204593,14,40,3
1325.3936896797172,22,26,3
1312.33871631671,23,34,3
396.25450650323194,8,1,1
704.2970490624327,13,38,2
1478.2350014042688,27,36,3
1169.418090649486,20,20,2
89.39276077706174,3,4,0
144.5466573277135,5,44,0
722.7004963778825,9,20,2
1368.3692984992622,29,28,3
831.1176070314356,6,19,2
771.8281366497208,25,37,2
202.93686493711434,22,19,1
1002.3311518502263,2,49,2
1242.049582870327,13,24,3
601.6090108859654,5,1,0
1174.637183841725,28,31,2
1448.491148156177,27,25,3
345.4613657351492,25,5,1
808.8279652323749,8,40,2
466.3500392226345,23,2,1
1199.6389075990671,1,32,2
887.5103805276784,20,0,0
970.1445054479404,12,4,1
1206.9755314430463,23,12,3
624.1571853605595,11,18,2
1376.8805991902127,7,11,3
822.891857506903,15,47,2
279.0344931112546,22,24,1
1059.0537213447635,24,34,2
1200.228958135469,11,11,3
509.30443174791367,29,29,1
1292.9099226481917,22,4,3
1363.9077194103613,26,33,3
451.51150669782294,16,21,1
1476.106135437072,3,38,3
254.0317156706997,20,12,1
342.92271918361047,14,46,1
317.12601689513787,3,2,1
1346.285079511412,1,19,3
998.7242008711947,26,30,2
270.55121067229567,21,4,1
688.468956634106,15,23,2
942.182136351213,1,39,2
171.02292323460577,17,32,0
1329.5037341906411,2,7,3
1215.225126390226,29,23,3
782.5498216861255,20,49,2
1452.3335921257972,6,19,3
655.7534199488946,8,15,2
1476.959962602922,29,49,3
1018.4839982652593,16,11,2
970.2733462182151,19,12,2
290.63459817888827,1,44,1
1328.7952495417337,3,41,3
669.860047484892,28,38,2
285.23843838459504,3,24,1
68.28090396485061,5,45,0
861.6457412756547,27,31,2
814.7294520778806,12,23,2
1093.06275243528,12,47,2
1340.8741768758132,20,46,3
165.1395477323928,13,43,1
1110.6699109935255,20,8,0
321.7473189414942,9,39,1
1294.3567270778879,7,49,3
1237.6420950994013,4,22,3
834.1509447290393,19,49,2
1079.8520580038016,22,12,2
505.80766411643515,19,31,1
733.1934534525813,6,49,2
1241.3735016801838,27,14,3
715.9345359011602,13,35,2
568.8074847218905,11,48,1
766.6080485129348,13,4,1
1250.9614160339665,13,21,3
536.0516686877654,28,15,1
301.9543100468285,25,40,1
1082.420329479632,22,9,0
1247.6684084267185,28,23,3
195.92434385912333,20,17,0
397.81746349611984,15,48,1
255.85938515344117,21,17,1
554.5150467941417,13,6,1
703.0089194128483,22,3,0
1135.7981885967945,11,25,2
994.1639980784274,19,4,0
950.3464228437252,8,15,2
560.9436725839989,20,34,1
1270.098951972902,8,25,3
733.3663927273386,10,17,2
1469.702160121974,26,28,3
969.5061005288185,16,22,2
233.08387526852897,19,13,1
1030.4574650093793,26,14,2
521.4008223759636,23,48,1
1045.1744351948414,11,32,2
150.97966483548834,13,24,1
303.5780839051411,28,20,1
1290.8190254133901,9,16,3
379.4103576840966,20,22,1
1263.709631602263,24,42,3
454.9503282588951,19,16,1
982.1787695851261,16,13,2
1056.518331589255,7,28,2
793.3493920603267,19,19,2
492.70048121026036,12,29,1
358.3343457380894,15,18,1
98.12456411551801,23,38,0
490.72228179904954,14,12,1
997.0860462703604,11,17,2
1410.5419867502999,26,22,3
1313.2464992814255,10,45,3
1160.7939259761888,27,32,2
1193.2486477172831,11,38,2
1014.2281100401931,6,39,2
427.41594347070435,2,17,1
1365.4327945234534,11,8,3
1022.5618522634594,19,32,2
862.6389149216379,6,31,2
210.93473035954756,14,16,1
698.2305385193168,20,18,2
717.5194932427931,6,26,2
1303.6172338078716,17,5,3
842.6399192722932,10,34,2
601.580796007094,28,36,2
1466.360476340456,1,33,3
210.54486032315774,3,19,1
662.6952210523197,8,24,2
110.93577899853767,8,3,1
1122.8609751120491,27,9,0
1381.2110006887683,20,9,3
456.0541278482097,22,23,1
1294.5954313587254,15,20,3
473.7164341697518,24,10,1
1370.616734383677,7,26,3
1143.2447602153368,11,15,2
1217.114826420086,7,25,3
76.10950562065902,29,29,0
1446.0750177573377,4,48,3
1103.6729385019687,25,15,2
491.88908830989334,12,6,1
1252.6222640453282,26,15,3
458.20573770164845,6,34,1
1315.4930673708855,14,15,3
213.24156609730866,12,39,1
1070.3446673181538,11,11,2
834.01279113512,19,34,2
189.97498178338918,21,48,0
400.7460509753165,5,20,1
67.98585260210645,14,49,1
729.7135499235335,21,42,2
486.8346281020005,24,35,1
917.6183522317502,16,47,2
480.99482117749494,25,16,1
484.8827116851278,13,31,1
1127.630138160825,25,40,2
119.8071121686125,29,5,0
1359.1977430283814,22,23,3
1285.782617867213,22,26,3
1018.3167906782894,25,19,2
910.1712766557073,20,24,2
1343.8386223024957,22,1,3
318.72876031663594,4,8,1
164.50528517670148,11,27,1
397.28974636883027,17,37,1
1202.138504115276,7,2,3
100.27188675340082,14,19,1
895.06991087106,26,5,0
1493.3843984773994,11,38,3
1290.759336064432,28,32,3
806.0962491132047,22,0,0
142.2793184656314,9,36,1
1255.4915958592792,23,5,3
918.5188368569553,13,44,2
216.65284573637192,23,33,1
186.09306299386648,18,46,0
1368.958888183059,28,14,3
1020.3403812602137,11,44,2
1252.4658590092956,15,25,3
1324.5194054092876,25,13,3
879.0699104700673,26,6,0
800.2972100448098,25,45,2
674.1197449654358,22,30,2
509.57255229712297,29,23,1
680.1641432451321,19,30,2
1172.1255008087267,1,28,2
922.7889749719408,4,41,2
1344.1587704345268,14,31,3
692.9010208498222,14,16,2
930.2798891421934,3,13,2
965.3959519833836,28,39,2
907.960885344172,17,35,2
1068.8189709739986,3,47,2
394.2785291434691,16,23,1
792.9274774413965,14,44,2
201.12596407210413,20,26,1
607.5414250849782,29,24,2
757.1172495008334,13,31,2
995.725176340935,15,17,2
1428.270026249995,14,45,3
920.944046495116,24,17,2
1128.2111784560118,25,36,2
784.085786268044,19,25,2
969.4508454956804,6,8,1
152.85171339397147,10,34,1
418.86779222067815,27,7,1
574.6869851474511,15,19,1
735.1153647594447,21,41,2
116.19068097845641,22,21,0
253.03494145231065,20,18,1
451.3807462973934,26,29,1
1458.7224018065235,6,27,3
530.4531602994236,23,34,1
748.9595342625197,25,42,2
334.34168347066975,10,10,1
935.631103059864,7,30,2
456.99066249816275,22,48,1
350.13923873571883,17,47,1
799.0303112466696,18,38,2
57.98340878261019,17,35,0
61.11284734137672,9,29,1
367.6497731976938,10,22,1
103.24597562619066,10,18,1
206.63734348950248,25,11,1
541.3479415411898,7,14,1
1213.7492353907287,16,30,3
879.4705328854863,29,42,3
793.3682026368037,18,36,2
475.5587936517764,6,36,1
1401.0428931775837,27,14,3
625.6718097939279,20,28,2
176.28451185386865,1,49,0
944.7464483708119,1,42,2
215.06567054107205,12,25,1
550.5735570624536,21,43,1
785.7473111408228,28,1,0
1317.622660793505,2,19,3
765.6425414931721,4,14,2
1068.2752107459132,17,3,0
1489.584416548652,4,21,3
240.65922385207335,11,49,1
448.3607120033033,22,37,1
622.1353096165873,26,22,2
661.6508588813055,4,25,2
645.9805591350414,1,10,0
1366.0359537070046,7,27,3
1085.3473344769418,18,1,0
931.4625604315204,9,7,1
498.590440901034,29,28,1
1244.4960571208774,3,10,3
1434.837741653234,8,36,3
1240.7375096978285,29,17,3
52.26940252763571,24,49,0
972.7819867659402,19,13,2
124.14630309104605,4,9,0
423.5304694838967,18,34,1
136.31081550426893,20,8,0
925.5034067766122,27,34,2
1045.5553745642799,11,10,1
216.0070751955624,27,43,3
606.5663804152202,14,11,2
711.5429379855359,25,2,0
585.1268815533291,18,38,1
225.48625070352992,28,13,1
657.4742957718394,28,27,2
1139.2081693222062,29,10,0
152.96111357322042,16,38,0
166.26102041875998,3,24,0
564.4183731621771,15,20,1
1415.5022818474413,27,9,3
1019.4303377482254,27,42,3
1034.071437175219,4,14,2
574.7839867149042,5,18,1
910.8081472523808,17,47,2
64.6902168402279,7,21,1
972.3392672938362,16,20,2
1374.2660739855432,14,43,3
938.2315290999878,26,31,2
1316.8629605262004,16,49,3
1099.760930425836,7,22,2
224.80970378535085,9,12,1
1358.5572955644705,4,4,3
146.34357431587358,22,3,0
824.2528351942575,11,27,2
256.0988295005136,2,13,1
66.97458555981089,12,7,1
661.9496771850766,12,8,1
477.80902609852654,4,34,1
754.7007160065244,18,36,2
886.9398357650987,26,20,2
113.42165484797367,21,17,0
228.35477792943118,7,32,1
860.0314748531167,29,7,0
547.5926621003545,1,48,1
1107.3015569466995,26,16,2
995.8228904583125,26,42,3
1276.1263263353649,23,30,3
1054.1145986703768,26,33,2
673.4000622157148,13,5,1
1025.8016024719268,6,21,2
449.30270267035684,6,13,1
494.15457322840837,12,2,1
1194.0284818851503,8,11,2
697.3082987822942,24,35,2
1207.651493751611,22,11,3
1242.5124418190037,19,44,3
1293.4653896088614,5,1,3
1379.1210919697505,18,1,3
674.9285697442796,5,14,2
512.3568865656514,25,22,1
894.188182561465,10,28,2
588.20001398456,1,16,1
921.5575418603378,10,31,2
1073.0995008335458,5,6,0
1048.1872768135986,12,29,2
593.101686179176,22,27,1
291.9472924631916,27,13,1
674.2675407702009,7,43,2
256.7615089187677,9,29,1
1340.6407010165221,22,16,3
551.5223180698932,21,31,1
273.96663347381946,12,45,1
86.89925186333878,23,5,0
986.4424601154021,29,23,2
973.5083603093777,1,5,0
543.8760415428729,11,26,1
153.98223882909394,21,17,0
643.9618975980865,15,23,2
501.2653678419207,2,36,1
1031.8249276157635,20,23,2
928.379911706401,7,37,2
578.6609058864329,21,33,1
365.94420366973566,12,39,1
1482.652150925608,22,46,3
708.3023507343665,18,14,2
1047.9976418813437,3,10,0
253.80180298862314,7,21,1
754.1050645061268,11,23,2
89.92824381072495,18,0,0
782.9099209701524,12,17,2
1447.8252403206684,6,43,3
607.0997338294103,5,11,2
106.54421823362179,26,42,3
94.88589683304812,1,27,0
612.5808019229607,12,39,2
282.03615787163136,27,6,1
83.86053967586957,26,22,0
1146.5097402277563,11,20,2
714.8583628787414,4,33,2
469.4049193603491,27,10,1
1355.120615373897,18,21,3
218.40149229076212,4,41,1
1436.0823019852128,17,34,3
505.2517401971616,2,28,1
1338.1853248475877,29,41,3
924.2671708952192,24,27,2
1248.7256716251568,22,17,3
1476.8190866551731,2,13,3
468.1878848371813,12,17,1
1443.6464538410098,6,27,3
614.7487476085095,10,23,2
608.9922618685374,25,7,0
543.5613011690332,23,41,1
835.0410306539985,25,44,2
273.5103126088063,21,7,1
852.8816537691162,23,3,0
835.4719779945058,27,26,2
1154.7576282770615,16,35,2
1258.792444809499,14,4,3
688.6399579530149,7,32,2
488.38321155966594,28,48,3
426.03560110978697,28,33,1
332.2045632220643,19,29,1
133.58899418858607,23,7,0
546.5495693103344,17,38,1
441.8591535896357,9,46,1
1451.3052095062906,26,25,3
858.6777980625637,13,36,2
553.551706594236,22,33,1
891.6780214408592,5,6,0
251.83521695125847,23,39,1
693.8634363431942,5,27,2
958.0397660605425,10,38,2
758.9018560990545,21,38,2
632.5792609487702,27,27,2
1491.0801639045624,10,13,3
1326.456405115944,27,49,3
953.9386393311881,7,37,2
875.59717371431,26,3,0
949.9576957456469,15,41,2
341.9025563425282,7,17,1
622.949727733262,29,43,3
107.21632269180401,27,47,3
739.5417543558987,15,24,2
837.3856467386116,3,6,0
380.2371173496539,19,37,1
1447.8418283899948,10,27,3
1368.7091858590009,28,4,3
1097.1076914110636,29,2,0
823.4106117097757,15,43,2
1311.455281489143,3,30,3
239.44589854402122,6,46,1
1196.2392016985832,12,41,2
230.99018025193004,15,19,1
1201.605460696638,6,18,3
449.8629739644676,13,47,1
1321.781342476374,29,10,3
1418.861036046827,19,39,3
265.7541556374177,3,2,1
720.8796273448206,8,22,2
1472.4316983358933,8,6,3
750.9407821610625,23,22,2
1302.1439076460904,26,6,3
903.6607070904138,20,45,2
594.2283664834227,15,33,1
464.3861555125118,4,41,1
344.67348207482655,19,18,1
1154.607377497661,21,8,0
610.4837348933904,3,47,2
791.3494201910892,13,17,2
763.8719460017138,8,40,2
887.0545923880403,23,47,2
1305.0868611556007,16,44,3
1472.0720481959727,13,41,3
640.9971024320346,3,24,2
1249.9024370541395,16,13,3
1158.5653022493407,9,43,2
881.6169796105812,28,24,2
1436.268358237303,14,18,3
340.68804751618404,13,38,1
208.43310494895104,21,14,1
1288.244852085362,25,15,3
686.767234118935,7,26,2
1278.1048386002376,15,39,3
1344.9807975333517,7,9,3
140.5635107476536,6,3,1
1331.023906329788,2,18,3
700.0626302856622,9,27,2
790.1271090561368,22,20,2
958.5591410851548,24,46,2
1393.2547797586258,17,13,3
77.71833692315784,5,32,0
741.4230290608348,12,47,2
1047.1969615243129,1,9,0
1097.9250886624313,10,18,2
1054.1720257288066,11,29,2
244.9309376417767,16,21,1
484.12360313893777,14,2,1
570.1375118546695,8,36,1
1216.4339511352823,24,40,3
454.20181500110186,17,17,1
355.5221976074446,25,10,1
1438.2996276052395,18,47,3
62.851763414529906,12,1,1
1496.8402407388685,25,11,3
1031.3908833432238,17,5,0
1251.2804842012197,28,42,3
477.1981247019801,26,39,1
70.75715261723697,14,43,1
1119.9108019142186,16,28,2
1259.50966565098,14,29,3
1123.6903913326028,9,1,1
257.13291658621597,4,8,1
1142.4704872726052,25,46,2
1164.9380340560795,23,1,0
1004.8837477215795,11,28,2
1160.8681025536,6,32,2
1276.5860875327116,15,9,3
939.7259656443147,5,33,2
178.47683525603463,11,43,1
757.0603240174557,25,7,0
162.59153527382733,18,36,0
640.9373949970247,13,32,2
640.3044092321601,11,46,2
145.71427400335028,14,5,1
555.789774255745,28,43,3
210.9472432474065,18,39,1
1221.9410545133721,27,44,3
1424.1476376484827,28,18,3
154.85888912401097,25,31,0
1434.9170505729671,28,26,3
807.7360690382804,19,0,0
484.37023303311713,24,42,1
161.4500091504371,27,32,0
775.9051887021059,15,39,2
1202.0475395115857,9,31,3
1075.2753920367122,8,4,1
122.82771662276195,20,16,0
155.70766128346008,28,7,0
634.1662598173239,1,41,2
478.17121636951777,4,33,1
386.95726843126937,14,8,1
457.45652341763474,25,22,1
1215.0499777804828,2,34,3
1397.3806777661882,16,49,3
637.3989070649714,3,6,0
1363.8609530921208,26,14,3
516.1687668094289,8,19,1
740.8336301984979,6,49,2
377.7420468331996,16,24,1
978.6902611549738,24,2,0
1469.522617003473,16,45,3
925.0649892628991,7,23,2
568.8304219646459,13,33,1
989.3352966862661,13,45,2
228.23498377481198,5,21,1
1338.555666384828,25,10,3
779.4717286307628,20,47,2
701.557125957481,22,7,0
899.5039432576028,18,38,2
955.9366010446336,15,42,2
154.0749190284439,18,34,0
1039.7949707739335,2,48,2
400.8009364575179,10,45,1
1085.2313171345552,23,37,2
1242.6754518570854,13,7,3
1215.7398359511544,18,36,3
851.1264027414393,15,26,2
804.2463438505891,12,27,2
257.170143942147,15,39,1
1174.2519180845466,13,33,2
443.54360164773584,18,31,1
770.2083630860225,15,14,2
462.1974347448992,25,43,1
244.05112634955506,23,16,1
962.8586604930181,11,32,2
128.78145049321057,19,46,0
1135.53558948299,3,45,2
510.50085312861916,7,15,1
50.19530485650371,21,28,0
791.1372518939833,26,8,0
117.93526736502453,14,32,1
450.44585884030425,14,48,1
1075.1159068107884,22,28,2
140.8999513517055,13,12,1
1267.0408139162034,12,20,3
55.53888785494551,24,20,0
407.89461034275826,9,4,1
1124.3108814205036,1,9,0
508.59171710749484,19,5,1
197.7439626957196,11,12,1
572.3391822606204,23,0,1
442.070265257562,22,19,1
1271.9322581328047,23,46,3
504.3544804984575,24,45,1
1193.9520840752105,22,7,0
1343.2146099755653,19,9,3
679.0352583859678,18,8,0
1369.4175585888684,12,48,3
597.1111782466296,23,40,1
1447.9137039106567,28,2,3
179.46981056208074,28,10,0
1046.177936429702,28,11,2
766.0303586625465,27,9,0
612.0907679106882,1,24,2
967.4322241854713,19,48,2
1070.5927828697802,28,48,3
56.326740992948174,27,24,0
292.08197868343814,20,10,1
1083.9167734197622,29,35,2
1016.2588496883993,17,38,2
1450.7688824365819,5,25,3
1153.5047958636353,26,13,2
1428.6204262104402,3,38,3
1068.6837272254702,2,39,2
482.1757025271926,3,0,1
202.7791372637419,8,3,1
1183.6446018501565,16,29,2
984.016371140078,6,11,2
119.86971797027954,13,34,1
572.0731755564186,23,12,1
1437.359732452215,28,30,3
775.5816612797918,22,37,2
677.4572472285718,22,42,2
713.6644274809763,16,22,2
352.8799498074874,28,3,1
584.625397753953,16,15,1
586.2292211814062,3,6,1
125.91477927183499,28,21,0
1162.9730613509814,13,28,2
653.9314262606246,14,10,1
1242.1608358838137,8,32,3
1283.0046016238484,12,28,3
357.3913793130542,23,38,1
1003.1625491466864,23,11,2
734.8086160363234,22,6,0
1326.2272699861533,21,38,3
362.82398480585846,26,41,3
1032.829140449564,8,47,2
931.2405772664478,21,25,2
478.18714247915756,25,39,1
248.0713102942003,9,8,1
994.877652692051,1,40,2
1120.9663142918796,6,33,2
507.6596484568575,23,44,1
985.007275832355,19,12,2
622.9398160366798,23,35,2
1084.1499807597957,11,24,2
338.862148596377,11,23,1
1340.8117538224528,23,43,3
466.7439148750906,13,16,1
583.2896822464216,11,1,1
134.23333051650718,18,12,0
211.69270786585076,23,30,1
797.9997589328758,15,28,2
438.00938125555865,1,49,1
1261.4463273261817,21,27,3
71.30541354968307,25,26,0
599.6863705743075,7,14,1
539.1510428151844,23,30,1
78.0250648305215,27,39,0
230.3341785507398,13,14,1
649.7818786320212,12,32,2
764.6536474487976,18,19,2
636.2201335195602,24,41,2
819.8596336975361,19,11,2
912.9409286132383,15,36,2
64.38954063536167,8,8,1
722.9379812075806,19,22,2
1447.073899287003,10,7,3
802.5968061878457,7,31,2
1032.436287815482,18,47,2
502.20259397948064,16,13,1
1172.2874983215056,20,26,2
1170.7361487203668,27,24,2
805.8792690985015,6,12,2
1465.2200437548597,27,20,3
232.0478114058474,9,44,1
74.57411408989245,21,30,0
1166.7294070477892,13,36,2
1220.3755291790796,25,47,3
224.30048222483555,21,42,1
435.0951077899788,26,4,1
75.45092688161192,8,12,1
475.2974856318188,16,27,1
1171.0557171820737,13,42,2
801.0427651832395,13,24,2
554.7386100940178,17,34,1
589.0219776141789,23,46,1
51.96275728742882,20,38,0
484.71076496959205,5,6,1
987.3651753749992,22,37,2
1462.5819435337178,21,31,3
1278.2381991266543,28,2,3
84.21269873601723,17,44,0
1352.912876778517,28,38,3
1185.6376992830076,9,36,2
1181.5453791779216,2,49,2
714.0938505551786,25,21,2
627.1076747840291,26,7,0
489.2278068081293,18,16,1
145.25754548383037,9,26,1
380.9412770658637,6,32,1
407.5752707181357,11,45,1
751.9117510797923,25,16,2
1133.7943895652063,29,41,3
737.0242511770226,6,11,2
133.87445169838287,6,47,1
1438.7952114328957,13,45,3
1416.9502626864628,11,26,3
1188.5248375651922,14,47,2
1487.4254572681198,2,7,3
839.4993825603813,8,22,2
1446.0141078671488,3,41,3
159.6273088942886,23,48,0
580.2370849789884,21,28,1
376.80283860981046,3,49,1
333.95797199469155,1,19,1
254.16427589438032,24,15,1
952.4997802706952,19,16,2
1182.9166908335924,18,15,2
888.5326791595229,17,18,2
263.095928902904,20,7,1
1226.129466403533,29,37,3
972.1343253874063,24,37,2
612.8402738841435,13,28,2
1027.4889285272911,3,40,2
426.86221990210765,1,35,1
550.5287023166052,4,25,1
1380.3544725413858,25,30,3
471.23153322355955,13,43,1
731.482988829008,17,11,2
1340.7046492242212,28,16,3
1076.1959578879148,11,14,2
140.19467793881898,2,8,0
263.58941420450697,25,38,1
61.37030661927939,16,41,0
964.8365958322869,2,47,2
699.1264668451066,29,11,2
244.69853380829952,19,31,1
1439.0044755323172,23,24,3
818.0065997211489,19,38,2
400.7452764636893,25,17,1
775.8751781743259,16,14,2
1035.4494824659064,22,31,2
160.54686606166848,19,5,0
448.3205318194434,9,43,1
1220.0999617817906,1,42,3
716.5140620838588,10,34,2
842.5368559468276,19,33,2
677.5832032037304,1,37,2
113.65491683235743,2,4,0
290.3371807392261,16,17,1
696.0353761757418,12,15,2
353.31892484149535,8,7,1
122.46959155653417,23,24,0
1273.2920128751443,18,31,3
1472.729167287968,2,25,3
1200.0571672952722,25,21,3
1287.9881364717671,29,30,3
400.8668389597158,13,42,1
1442.9091144941397,6,9,3
335.54227145747114,21,11,1
1429.5732250246567,26,27,3
1492.487976250629,6,5,3
1081.9980683317706,9,19,2
1472.6584110981419,16,4,3
875.8326803723003,11,22,2
426.335585605331,7,8,1
683.6440342151502,10,28,2
910.6633562992397,10,15,2
155.96826493917172,25,45,0
952.3977336950069,20,21,2
1472.707863305327,18,7,3
325.65609218640503,28,19,1
1199.2629186181557,24,13,2
1366.453250980448,20,38,3
1418.3673095893203,29,36,3
1442.1966263878985,9,49,3
806.1164761461343,15,33,2
1467.0964665876804,4,10,3
1148.0998003449363,8,39,2
284.42358254359476,9,32,1
741.5051543785564,13,30,2
1091.5802042894059,9,43,2
408.64345793767086,26,33,1
978.8920161458867,4,49,2
1016.5706946175978,17,6,0
285.91462852242057,16,48,1
869.3737030564967,15,22,2
1168.859020918981,3,45,2
773.3987135771158,25,6,0
67.54951932535576,20,24,0
63.10578016497366,5,2,0
567.6925487565177,23,37,1
1392.9813992260838,5,19,3
381.5813304252327,20,33,1
969.8273488639463,15,48,2
372.0100125053148,18,43,1
516.4214850063455,15,43,1
1279.6610299221518,2,29,3
1106.849091291423,29,16,2
188.3289521041554,13,9,1
671.6179304303288,4,34,2
92.29615728563348,10,19,1
747.290712574363,13,17,2
1010.5293169665487,10,44,2
221.82880421731977,29,43,3
468.88316141829023,9,26,1
626.8631069781276,8,48,2
1383.319985751272,3,35,3
1490.2197723632978,16,22,3
115.12138354364299,14,31,1
1153.4614890683185,9,9,1
588.9998962833977,21,10,1
619.0643700327461,11,37,2
1143.684211353183,3,5,0
1381.7183266108425,5,40,3
1428.8464620286952,29,46,3
886.8277497555652,10,33,2
567.825680985729,13,35,1
1191.94617449523,4,36,2
413.9520057303354,24,16,1
867.9073418086008,13,39,2
569.9387692110661,12,39,1
1002.1150568764203,5,11,2
398.578423695585,10,20,1
327.80977131549736,28,39,1
1381.4466756793838,24,18,3
197.6153402768285,9,2,1
783.638966215651,20,17,2
370.23653529636294,7,18,1
106.4484468222178,2,46,0
102.22728652256826,22,5,0
304.07156955344965,24,15,1
1306.8170140337004,28,7,3
459.59417876668863,23,47,1
1428.1657973341787,7,17,3
893.3523248343306,8,47,2
683.0905751647108,7,42,2
891.1288102707092,21,38,2
799.2126585780883,23,48,2
1150.2255679481216,29,48,3
459.61929566063577,14,11,1
561.9230678204385,26,44,3
1346.4367386732135,19,9,3
1422.361944068088,5,6,3
1344.209429855388,23,45,3
658.1995912381047,25,0,0
1181.5299793599784,18,48,2
740.6868132865933,20,35,2
771.4327856118482,12,20,2
346.78615813306175,23,36,1
907.1389397248489,17,23,2
319.8970517423545,13,24,1
530.768813647431,2,6,1
1289.793792348906,25,41,3
350.25992335574006,13,16,1
153.17951350147757,26,28,0
150.06100928858365,7,29,1
1414.1375547295065,28,6,3
785.0346350446601,10,32,2
643.6475041346765,23,6,0
1225.7739424614817,6,23,3
1261.9475954702482,3,10,3
531.6769980176266,26,8,1
1055.746183337003,3,11,2
1168.1280829852356,18,34,2
999.243495955634,11,3,1
269.81285846014407,22,35,1
1320.0304710997327,20,27,3
831.6871014672126,5,12,2
459.58501823650533,19,22,1
666.5808688846562,22,18,2
104.4780810784157,27,41,3
235.40686177250547,28,36,1
1160.0427882479983,19,38,2
50.016870395280904,15,23,1
654.0204512993237,16,15,2
807.6397625741032,24,32,2
129.21990900140983,9,11,1
1460.9633363098826,4,33,3
377.88173031202433,15,6,1
491.08814347260727,25,10,1
490.71664276978964,12,30,1
384.1041600701574,23,28,1
52.13704202515155,3,12,0
1107.5499514275948,23,30,2
1451.9259747089638,14,1,3
375.2255507633153,17,38,1
1011.4184281149625,19,14,2
1125.749674090137,6,10,1
1280.216799681261,4,33,3
662.8123356697332,7,38,2
489.2498131786224,19,3,1
521.6779443333951,17,10,1
1083.3009329928436,25,28,2
1234.3302264331724,16,1,3
313.34025324707386,15,15,1
587.8644618287595,22,38,1
1357.8132852862675,8,12,3
1219.705603557372,19,36,3
1478.04468400559,8,16,3
1143.6599765390172,18,20,2
620.1330414904872,28,43,3
906.4248592922247,16,18,2
1008.4706686586144,20,6,0
163.76093365982973,19,37,0
839.5205907006044,10,7,1
1078.5152012852839,17,12,2
292.61589080153755,13,36,1
1181.9159902670579,13,1,1
896.4705317454618,7,40,2
1430.7215892615122,27,10,3
111.51233239999296,10,23,1
434.7228994554271,2,5,1
922.2531249847449,4,25,2
480.0118726985995,25,6,1
1085.9150379033013,6,38,2
1150.5576596567998,24,18,2
198.64814789638797,18,5,0
795.0889730998132,23,42,2
787.8913056070311,6,28,2
585.4571168125345,29,42,3
1402.7410507260245,25,38,3
1249.8841638161707,23,1,3
1060.9536037689732,17,18,2
1085.7736218157465,14,3,1
719.4884085290226,24,5,0
1385.442055590035,11,48,3
1057.1633695172638,26,36,2
1107.0225394009337,19,27,2
1299.4518104916506,2,29,3
447.40380454617696,28,6,1
1220.2528106067193,3,8,3
333.09887428691343,11,24,1
550.7458307550874,6,32,1
536.635158691272,29,0,1
1468.8619291642538,14,5,3
1291.978974434494,19,17,3
1066.6962993058767,26,9,0
1104.2323043423157,16,27,2
865.005551883728,21,10,0
1423.2814673073526,22,32,3
769.5751916794243,24,0,0
601.7506793113471,7,12,2
286.40123855080697,27,36,1
1189.9981957785342,8,19,2
1114.9437015096075,19,0,0
607.3148058599955,20,2,0
86.53045024088257,16,17,0
1266.5461251911156,22,40,3
66.55607600840676,27,13,0
1070.364680462124,7,30,2
1456.8728091027826,9,26,3
684.608925814895,13,16,2
390.7114372441315,1,45,1
1072.0629645629035,29,28,2
1234.8358059225984,8,35,3
842.3239583128786,24,36,2
1452.201149121412,22,25,3
124.9196464040436,4,16,0
781.9536175415658,3,21,2
1091.7582236176977,27,24,2
1300.8286831663095,3,1,3
309.92063726629556,22,21,1
1210.0050485573381,13,4,3
851.4252597918907,8,3,1
625.0028388854466,7,35,2
240.98679143968567,27,5,1
1304.678850417923,1,20,3
278.04615186058726,27,12,1
499.1923958531939,16,36,1
470.56602134553344,6,24,1
1313.5503495767387,7,25,3
